timestamp,sensor_id,latitude,longitude,temperature,humidity,pm2_5,co2
2024-11-10T11:32:32Z,sensor_70,34.7955755,46.9368047,16.6,48.8,110.9,772.4
2024-07-05T00:10:50Z,sensor_65,55.8502008,32.2633061,22.9,72.3,10.6,1370.7
2025-01-13T06:04:00Z,sensor_56,-8.4164207,115.3459831,11.4,74.8,125.8,1106.5
2024-08-02T22:32:05Z,sensor_28,59.9152119,10.6341605,14.5,69.9,131.4,690.7
2025-03-07T22:03:17Z,sensor_89,45.9380817,16.7806658,29.0,66.4,61.7,759.0
2024-07-11T08:01:16Z,sensor_82,42.615891,114.744988,22.3,78.0,35.7,1700.7
2025-05-29T22:59:44Z,sensor_71,36.2251676,139.3781659,19.5,67.4,13.3,1679.1
2025-04-12T12:10:46Z,sensor_39,35.375873,139.1671308,20.2,35.5,82.6,420.2
2025-04-13T11:10:49Z,sensor_27,59.3235522,18.3860374,19.2,89.5,40.0,587.1
2025-04-11T22:42:20Z,sensor_60,-2.0185322,33.8746152,20.8,58.8,87.9,1187.6
2024-06-08T16:04:41Z,sensor_93,21.333333,17.016667,20.9,66.4,102.2,1006.7
2025-02-28T13:27:27Z,sensor_45,17.0994461,121.6975078,23.6,49.4,69.1,1366.2
2024-12-08T14:02:16Z,sensor_47,64.7000006,43.3910351,29.4,67.3,9.0,603.2
2024-08-01T03:44:00Z,sensor_87,-4.423943,11.69283,20.6,76.4,138.3,1089.3
2025-05-14T00:59:42Z,sensor_19,10.8088919,123.0428489,26.3,46.5,82.1,1644.4
2024-08-12T00:50:26Z,sensor_26,18.1752248,-77.0881034,25.0,33.9,110.1,1775.5
2024-06-18T09:18:10Z,sensor_38,43.3667218,-72.3412362,11.9,79.3,75.6,1089.3
2025-03-03T13:04:58Z,sensor_70,-3.1703446,139.0817124,19.6,62.7,94.0,1557.5
2024-08-03T01:48:17Z,sensor_77,36.599744,101.803717,22.3,65.9,109.8,1942.8
2025-01-19T11:34:39Z,sensor_66,33.347316,120.16366,22.2,53.1,52.4,894.4
2024-08-24T08:55:46Z,sensor_33,10.7703265,122.9829759,27.1,88.4,119.2,608.8
2025-04-21T23:57:29Z,sensor_27,44.5469337,15.3750495,16.7,76.2,130.8,727.9
2025-02-28T16:28:26Z,sensor_6,-0.0142486,109.325464,14.8,84.9,104.2,439.9
2025-01-11T02:24:45Z,sensor_37,22.3577742,103.2493721,25.0,63.8,29.6,1887.7
2024-06-12T12:05:27Z,sensor_83,-33.0320432,27.8863851,25.3,42.1,114.3,1271.1
2024-08-13T20:19:51Z,sensor_49,45.1238884,2.9802744,21.8,33.5,76.4,1667.4
2025-04-11T22:59:56Z,sensor_69,53.3666338,-6.3539424,17.9,31.6,147.9,786.9
2025-04-11T02:47:05Z,sensor_42,-11.4346353,-41.3803558,16.8,46.0,62.7,765.3
2025-05-08T17:50:22Z,sensor_17,-1.5697615,110.5215459,14.1,42.6,104.2,981.1
2024-07-08T11:51:19Z,sensor_41,51.62883,20.52487,10.4,49.7,79.8,1792.6
2025-02-16T20:07:56Z,sensor_51,-7.31054,107.77903,27.5,61.4,120.5,1805.7
2024-10-21T22:00:34Z,sensor_2,6.6687831,6.6304104,19.8,31.6,117.4,1590.5
2024-12-27T04:22:27Z,sensor_95,47.0132508,29.6697768,24.0,40.2,13.2,1557.4
2025-02-24T04:11:37Z,sensor_63,-6.1341119,107.1839024,22.5,77.7,130.9,1149.6
2025-03-31T15:00:13Z,sensor_40,36.6759691,25.1059054,13.1,31.9,102.3,1296.8
2024-11-26T11:29:53Z,sensor_92,-7.6323091,110.4560006,22.7,52.5,51.4,1328.3
2025-03-25T17:32:41Z,sensor_48,41.833253,20.974874,28.1,44.1,38.7,1830.1
2025-03-03T01:13:45Z,sensor_90,-11.4389649,34.0084395,25.8,30.7,10.4,1426.7
2024-10-23T09:49:23Z,sensor_47,12.6612116,-0.5683399,24.0,76.9,110.8,843.7
2024-07-16T12:16:12Z,sensor_22,42.0649631,-8.3756082,13.5,39.3,57.8,825.2
2025-03-15T12:50:26Z,sensor_82,-6.9738,112.8045,24.4,62.8,115.9,521.8
2024-09-20T14:22:48Z,sensor_28,47.3994896,40.1860046,15.8,34.4,63.9,1986.8
2024-10-02T18:43:36Z,sensor_7,-7.0682775,108.430572,23.2,65.9,133.6,725.9
2024-11-07T10:46:42Z,sensor_39,35.84609,102.031722,22.1,66.2,97.6,1932.0
2024-06-16T21:04:41Z,sensor_70,-3.6062721,128.2480302,26.1,53.2,120.9,1651.7
2024-07-23T21:22:38Z,sensor_69,12.6114543,8.8803925,16.0,36.7,84.3,1752.2
2024-11-07T00:51:05Z,sensor_34,9.6642965,122.9435214,16.8,69.1,46.9,1863.0
2024-11-17T07:43:14Z,sensor_68,41.5660291,-8.6268918,17.5,68.2,91.1,1369.0
2025-04-22T08:14:30Z,sensor_48,-45.8802629,-67.5305258,26.1,66.3,17.3,808.3
2024-06-09T22:19:59Z,sensor_64,32.7423216,131.178836,21.3,79.2,80.3,1751.8
2025-03-15T12:55:27Z,sensor_86,-23.1744477,-47.7440315,29.9,49.3,29.9,620.3
2024-10-02T11:44:14Z,sensor_98,25.3141558,49.6299077,18.1,62.5,139.3,1857.3
2024-07-30T03:32:11Z,sensor_27,46.2893452,28.6519897,13.3,63.2,79.2,769.3
2024-08-30T01:55:32Z,sensor_74,-7.8533911,111.2994071,29.8,47.6,113.1,1303.5
2024-12-23T09:21:56Z,sensor_78,13.0748879,120.7213113,16.5,40.2,68.5,1074.6
2024-12-22T07:08:25Z,sensor_92,41.046959,-8.6423484,28.1,87.8,89.9,1214.8
2024-10-03T02:05:40Z,sensor_14,5.6661517,-0.1582766,20.8,31.3,91.9,467.3
2025-02-04T03:44:46Z,sensor_6,45.3081724,33.0351476,20.5,41.9,37.0,1690.6
2025-01-19T00:20:09Z,sensor_18,37.8099917,65.2026017,12.1,31.2,55.9,1529.5
2025-04-04T15:15:53Z,sensor_28,45.050726,64.9798593,28.7,83.1,44.0,1871.6
2025-02-11T13:45:54Z,sensor_53,49.5784817,17.4835513,11.1,32.4,93.3,1050.6
2024-09-17T04:38:06Z,sensor_49,29.86098,121.593092,19.9,43.2,19.0,787.5
2025-01-10T09:29:19Z,sensor_22,37.34,-121.89,13.2,40.0,28.8,524.5
2024-12-09T00:27:50Z,sensor_100,10.5925289,14.3210095,11.9,83.1,81.9,510.1
2024-07-02T07:13:36Z,sensor_68,-13.6667285,-73.3487639,21.1,75.6,102.5,1687.6
2025-05-18T00:55:44Z,sensor_39,26.458254,114.786182,21.7,69.3,7.5,1860.8
2025-03-05T00:29:37Z,sensor_69,-26.8193949,-65.1435685,25.6,70.1,126.2,1364.1
2024-11-22T04:36:49Z,sensor_96,40.6898292,22.858794,21.8,51.0,0.0,1592.4
2025-04-25T01:11:04Z,sensor_37,13.4570619,123.6791749,27.5,42.7,48.6,836.0
2025-03-12T09:19:22Z,sensor_80,41.654661,126.154678,29.7,43.1,25.1,1491.8
2024-07-09T13:10:13Z,sensor_85,45.11803,124.823242,18.3,48.2,81.4,1455.8
2024-07-14T06:15:15Z,sensor_96,30.2979687,120.1561748,25.6,50.5,51.2,1370.6
2024-09-24T11:46:21Z,sensor_54,33.551052,119.113185,28.2,65.8,49.4,517.7
2024-08-06T18:21:19Z,sensor_68,14.7575652,-88.1132737,16.7,59.9,61.4,550.4
2025-01-28T23:09:06Z,sensor_82,-5.383454,25.7456852,24.6,48.8,120.3,415.1
2024-08-25T08:31:35Z,sensor_98,-6.7084401,111.5736596,14.9,53.5,131.2,1573.1
2024-06-20T06:00:00Z,sensor_48,-6.8138954,111.7376178,13.6,52.3,84.9,1855.3
2024-12-09T11:30:09Z,sensor_59,-16.4510937,-41.0394028,27.0,64.4,12.4,1807.4
2025-05-22T13:21:25Z,sensor_87,40.115306,113.457407,29.4,40.3,73.8,497.8
2025-03-31T16:30:53Z,sensor_37,52.2960003,35.4190083,29.7,51.8,49.6,599.0
2025-02-23T14:39:50Z,sensor_86,5.6397155,5.890794,26.6,56.0,133.0,1064.4
2025-05-08T10:54:33Z,sensor_24,-24.7869452,-65.4128686,21.5,41.9,118.4,1605.4
2025-01-26T13:46:17Z,sensor_98,15.8408607,48.4837239,20.3,80.6,96.1,404.3
2025-04-10T18:23:13Z,sensor_42,-6.5139395,-78.5185197,22.0,51.2,88.5,1732.2
2024-07-06T16:55:55Z,sensor_1,-8.0450166,113.87632,26.7,30.6,128.8,1692.5
2024-08-28T17:28:21Z,sensor_78,-6.2690475,106.3287199,25.4,75.0,93.0,1268.6
2025-02-06T22:19:24Z,sensor_6,-8.6847,122.2162,23.9,34.2,27.9,1636.8
2024-06-25T13:58:58Z,sensor_85,53.437194,41.789046,28.8,75.6,110.6,963.7
2024-12-21T22:14:15Z,sensor_68,14.4400324,121.0299296,14.5,49.9,137.6,751.9
2024-10-04T20:17:33Z,sensor_44,7.0539999,124.6719971,12.3,62.3,89.2,467.0
2025-03-04T22:10:34Z,sensor_34,0.0074415,37.0722303,25.7,41.5,33.8,642.0
2025-03-16T14:58:27Z,sensor_9,52.0668,-108.00135,17.0,33.3,32.3,1150.5
2024-07-27T19:25:32Z,sensor_25,54.1433253,-9.7359765,17.0,56.7,124.9,722.2
2025-02-22T02:25:51Z,sensor_38,39.9912749,116.4717334,13.3,55.3,21.8,536.5
2025-02-06T21:40:00Z,sensor_68,22.974898,113.993115,26.0,76.6,15.4,500.8
2025-03-12T23:40:30Z,sensor_59,-6.9028171,106.3483779,21.4,30.9,51.2,705.4
2025-03-17T13:23:02Z,sensor_40,-7.4703872,110.9387418,23.6,63.1,121.5,412.4
2024-06-09T04:54:41Z,sensor_72,25.60162,103.817356,14.9,34.0,134.7,1949.7
2025-01-20T09:22:31Z,sensor_48,13.06667,123.61667,28.9,39.9,92.6,1442.2
2024-06-21T07:07:02Z,sensor_33,57.7550378,11.814933,10.8,80.9,131.5,1074.4
2024-11-20T13:02:15Z,sensor_96,33.6883392,130.7171244,19.8,88.4,9.9,990.4
2024-08-08T10:27:52Z,sensor_64,-23.8879561,35.3959879,28.3,80.2,110.6,573.9
2024-12-23T11:14:54Z,sensor_48,10.5289556,-73.7242486,14.6,84.2,35.9,1984.3
2024-07-07T06:24:24Z,sensor_75,31.7698671,-106.4161964,15.7,84.3,129.0,1451.2
2024-07-26T13:23:37Z,sensor_31,46.3698404,15.8995273,17.4,61.7,4.7,1567.4
2024-09-23T05:01:42Z,sensor_5,33.4206358,72.0017338,23.9,68.5,58.9,737.1
2025-04-06T10:53:23Z,sensor_4,5.6153822,95.4306141,11.9,69.7,48.5,1855.3
2024-09-26T11:20:22Z,sensor_57,19.8838774,110.4153075,18.8,77.6,118.1,1765.4
2024-12-10T23:45:02Z,sensor_10,38.371268,114.393598,23.6,38.2,149.5,514.2
2024-11-16T04:07:16Z,sensor_51,34.811495,108.531138,16.3,31.5,33.7,743.6
2024-07-15T22:48:48Z,sensor_90,48.6360664,-2.0280739,28.5,51.5,75.7,1454.3
2024-07-09T04:43:50Z,sensor_77,30.877555,119.420935,27.1,54.8,9.8,967.6
2025-04-12T06:28:24Z,sensor_84,3.033069,29.5397706,28.8,62.2,46.3,1811.5
2024-12-19T20:06:44Z,sensor_48,51.9922595,17.8705418,27.8,38.2,49.4,814.3
2024-12-02T13:40:02Z,sensor_62,25.904305,112.203287,14.3,32.0,61.4,572.0
2025-03-30T01:07:43Z,sensor_84,31.922974,118.663681,26.6,74.8,144.6,1530.3
2025-03-02T18:02:11Z,sensor_68,-0.7739574,102.026135,11.1,42.0,129.6,911.2
2024-06-29T23:23:19Z,sensor_41,-17.543301,-70.017471,20.7,33.7,60.7,1654.0
2025-05-14T12:38:45Z,sensor_76,31.1713871,31.6967438,19.3,61.9,69.9,1696.3
2024-11-05T04:15:09Z,sensor_12,34.67985,112.500205,28.5,66.5,66.9,920.8
2025-01-05T18:55:59Z,sensor_70,28.445307,113.521804,26.9,78.6,15.3,1104.7
2025-02-03T07:59:13Z,sensor_86,19.40552,-70.37985,25.3,33.9,71.0,531.1
2024-08-07T02:18:11Z,sensor_39,13.5924758,100.1031202,16.5,64.0,1.3,1323.7
2024-08-09T01:15:02Z,sensor_27,8.4007278,-82.4427769,11.5,40.1,93.6,688.0
2024-08-23T05:08:36Z,sensor_85,-7.8533911,111.2994071,24.7,69.8,32.8,1770.3
2025-04-15T03:44:12Z,sensor_70,-11.730898,-75.5464873,16.5,85.3,98.1,877.1
2024-06-24T06:55:45Z,sensor_31,34.8062744,46.4922002,24.8,61.0,19.2,1357.8
2025-04-09T18:49:06Z,sensor_83,-11.0443228,-75.4694285,20.2,36.6,24.2,476.2
2025-04-01T22:05:18Z,sensor_94,23.817974,113.273132,17.6,32.6,96.5,587.7
2024-07-20T14:34:03Z,sensor_38,57.8567021,45.7774009,20.5,35.0,22.2,1342.7
2025-05-22T05:10:49Z,sensor_91,-6.28433,107.130861,23.9,34.1,54.0,773.5
2025-03-04T09:28:26Z,sensor_63,43.1790617,-86.1853474,12.8,67.8,36.8,1785.1
2025-01-19T02:10:59Z,sensor_24,49.4562624,20.2835741,24.8,53.2,61.9,551.0
2024-11-13T16:58:14Z,sensor_91,32.059093,118.627894,20.1,59.3,149.7,1758.4
2025-01-05T16:45:33Z,sensor_73,46.6908888,-71.7146783,26.3,49.4,27.6,929.4
2025-03-25T06:17:51Z,sensor_41,48.8489882,16.0910758,23.6,73.5,115.9,1259.5
2025-01-13T01:42:33Z,sensor_51,55.499775,25.635173,10.3,41.3,147.6,1604.7
2025-03-21T14:08:45Z,sensor_64,42.9600774,19.5835874,15.9,79.0,49.8,1571.7
2024-09-27T03:09:30Z,sensor_87,-26.183307,27.6830843,18.9,89.0,126.5,1685.1
2024-07-03T22:13:48Z,sensor_95,39.7992062,44.7723968,27.9,61.1,0.5,1582.4
2025-04-01T17:23:23Z,sensor_88,20.3005979,-76.2421185,19.3,47.5,14.8,1864.9
2024-11-21T08:20:45Z,sensor_37,0.76202,127.32015,18.4,75.8,25.0,732.4
2024-11-03T15:28:09Z,sensor_95,43.6218385,3.8403455,28.4,86.5,18.2,1354.5
2024-09-02T07:03:05Z,sensor_93,62.5988609,34.9332074,23.0,88.9,68.6,1842.9
2024-10-30T10:49:32Z,sensor_30,16.7275474,103.7358277,25.0,65.4,98.8,1180.6
2025-01-15T22:29:42Z,sensor_32,35.0118955,25.7407452,25.6,80.5,74.2,1776.3
2024-11-11T21:19:41Z,sensor_55,-14.7918149,-39.284293,19.8,42.1,92.8,426.3
2024-06-19T09:24:32Z,sensor_16,-19.4545276,-44.2515505,18.4,64.2,71.5,1403.3
2024-06-22T17:59:52Z,sensor_65,57.5275396,12.0592344,28.4,80.1,88.9,436.0
2024-10-13T14:15:39Z,sensor_81,-5.6371803,-78.5339632,27.2,58.9,20.8,1824.0
2025-02-13T13:30:53Z,sensor_6,40.01833,127.45472,19.6,51.3,143.1,1293.7
2024-07-03T03:54:16Z,sensor_93,44.2136985,3.9996505,20.7,87.5,93.5,500.4
2025-02-07T20:33:48Z,sensor_39,-18.7643566,-51.3429885,13.8,74.1,79.8,939.8
2025-05-04T07:21:06Z,sensor_74,48.9323908,2.4774664,25.2,55.0,24.8,1093.4
2024-10-14T05:00:51Z,sensor_34,13.950488,121.157258,19.3,78.1,144.3,778.9
2024-09-14T21:27:00Z,sensor_49,52.1469857,21.7379077,29.0,88.5,23.1,1389.6
2025-05-06T12:27:28Z,sensor_100,-38.8248331,-68.0677378,22.0,81.1,11.6,1713.1
2024-07-29T14:24:56Z,sensor_4,38.4251725,23.6720959,21.5,44.3,142.9,1180.5
2024-06-26T23:25:30Z,sensor_83,29.2604745,80.9318332,20.8,73.4,126.4,1248.0
2024-11-16T21:39:24Z,sensor_18,23.776981,111.416025,23.2,62.0,34.5,1774.5
2024-11-27T03:20:25Z,sensor_47,45.8860486,20.194172,13.0,60.0,1.4,979.2
2025-04-03T13:28:19Z,sensor_75,15.0365207,-86.8195237,17.2,37.3,76.0,743.3
2025-03-14T22:34:44Z,sensor_31,46.09237,91.54796,19.0,42.9,119.6,963.2
2025-03-10T11:10:27Z,sensor_50,40.8318278,44.2797884,23.8,71.0,46.7,1847.6
2024-11-18T03:01:19Z,sensor_83,16.706523,-62.215738,27.5,47.0,32.5,1279.8
2024-10-19T03:02:17Z,sensor_8,45.506995,124.292626,22.8,41.2,128.6,1406.7
2024-06-11T15:41:22Z,sensor_25,29.037007,100.298403,23.8,76.1,72.9,482.4
2025-02-09T23:34:54Z,sensor_63,57.9891702,16.3106228,24.7,73.6,108.0,479.0
2024-08-02T20:24:52Z,sensor_47,40.6236168,47.7403034,25.3,68.2,140.1,1659.6
2024-08-07T00:45:03Z,sensor_20,-1.0645451,103.9608091,26.5,34.6,22.7,418.7
2024-08-08T08:57:55Z,sensor_83,-6.7014461,110.8910556,29.3,64.0,0.3,1478.4
2025-04-27T19:57:43Z,sensor_47,46.6313635,38.6705832,13.7,46.3,13.4,1895.9
2024-07-25T10:52:13Z,sensor_72,5.3956496,26.4916731,11.3,37.9,89.0,1220.7
2025-04-24T22:34:22Z,sensor_5,-6.8132152,108.5919461,30.0,69.3,139.5,1449.9
2025-02-18T12:02:09Z,sensor_99,37.198731,106.1580937,21.0,33.4,62.8,736.2
2025-05-19T20:11:28Z,sensor_66,45.7676321,15.6745822,19.4,70.0,37.4,1463.6
2024-10-02T17:12:56Z,sensor_4,-38.9642683,-68.0370766,25.9,56.7,92.3,1479.1
2024-11-17T05:48:34Z,sensor_51,-7.7995142,111.5438491,19.4,87.6,10.3,553.2
2025-04-29T23:55:30Z,sensor_82,23.2462521,113.0030017,26.7,80.3,4.9,478.7
2024-07-02T16:35:25Z,sensor_97,59.9403761,10.7691773,27.1,86.9,101.4,810.6
2024-09-11T06:15:57Z,sensor_5,60.3588201,22.2240066,25.0,58.1,38.0,744.4
2025-01-14T14:46:28Z,sensor_73,55.3979,45.614,21.2,40.3,57.5,1294.1
2024-07-19T18:02:05Z,sensor_52,24.629264,118.041444,15.9,65.8,134.2,1290.5
2025-03-16T00:14:42Z,sensor_95,44.1675867,2.0308233,21.2,68.8,81.4,1651.3
2025-03-31T07:22:20Z,sensor_31,37.9022064,55.95535,26.4,40.3,120.1,947.1
2024-06-09T22:27:55Z,sensor_26,31.068932,121.397142,14.2,86.2,93.2,440.5
2024-11-08T12:34:38Z,sensor_22,36.276526,109.351019,24.5,76.5,18.5,715.7
2024-09-14T03:17:59Z,sensor_60,17.1238845,-61.8233706,20.2,81.5,80.1,1335.9
2024-09-18T22:50:07Z,sensor_50,14.7833743,-90.4537748,11.9,44.0,143.9,1583.7
2025-05-16T07:03:24Z,sensor_24,25.4765601,-108.0887656,25.1,35.1,146.7,1559.0
2024-10-29T18:36:13Z,sensor_15,49.6297207,37.6810464,16.2,36.4,77.1,436.9
2024-07-10T11:28:31Z,sensor_48,42.12215,60.06276,27.1,42.7,114.2,576.2
2024-08-24T14:12:15Z,sensor_70,38.0329785,23.831904,19.5,42.6,118.9,1230.4
2025-01-13T16:35:13Z,sensor_91,61.126827,10.4388999,15.4,52.7,13.6,1534.6
2025-02-21T08:28:26Z,sensor_58,16.7690892,120.3353957,26.6,46.3,97.8,1495.4
2024-12-31T02:07:00Z,sensor_97,36.1899557,117.1168644,20.9,67.9,110.1,481.9
2025-03-18T06:19:46Z,sensor_60,14.5144041,121.0406718,17.5,61.7,23.9,894.9
2025-01-02T17:44:48Z,sensor_11,49.997292,21.9314509,30.0,86.7,39.0,1764.3
2024-11-02T19:15:21Z,sensor_54,56.412767,16.0115323,27.5,82.6,15.9,1959.9
2024-11-05T08:00:31Z,sensor_27,-37.3965056,175.9364317,12.3,51.2,107.1,1438.6
2024-10-14T19:09:45Z,sensor_56,24.4752847,101.3431058,18.8,32.5,47.7,1576.8
2025-06-02T12:51:48Z,sensor_65,36.6512,117.120095,14.8,53.5,122.0,1493.1
2025-05-18T13:22:20Z,sensor_3,-8.5790886,116.9558067,16.7,65.6,89.0,670.1
2024-06-15T07:29:22Z,sensor_54,57.315861,107.092445,29.0,75.1,136.4,1964.6
2025-03-02T18:12:59Z,sensor_11,53.0155306,21.3375451,18.0,36.7,83.1,1095.7
2025-02-13T23:21:54Z,sensor_74,14.6092588,120.9924256,21.3,67.9,13.0,1324.7
2024-09-06T07:52:01Z,sensor_5,31.009235,121.417985,11.4,75.8,62.9,1302.8
2024-06-23T16:11:39Z,sensor_25,59.1499143,9.6586061,18.5,64.3,36.9,1158.4
2025-05-31T18:39:37Z,sensor_80,49.0132543,17.4380293,14.0,83.8,117.2,765.6
2024-10-03T17:55:02Z,sensor_12,36.1860016,50.064982,10.3,49.9,116.6,1949.0
2024-11-09T00:02:54Z,sensor_62,37.186035,120.701061,19.5,38.5,38.3,1710.2
2025-03-01T19:21:29Z,sensor_74,15.04538,120.671684,13.9,65.8,74.9,1467.8
2025-02-02T09:39:06Z,sensor_71,37.6708024,138.9539609,10.1,78.3,30.2,1740.6
2024-08-16T17:00:05Z,sensor_34,37.617937,120.395988,10.0,47.7,115.8,1630.8
2025-04-21T02:58:25Z,sensor_6,31.793861,117.309522,17.4,64.7,142.1,879.0
2024-08-23T12:03:36Z,sensor_38,22.613406,113.190869,23.2,80.6,118.1,840.7
2024-09-02T13:23:13Z,sensor_61,30.574474,103.923651,20.6,34.2,50.4,1239.6
2024-09-05T02:40:08Z,sensor_92,32.852247,35.201315,11.7,77.2,54.9,1778.2
2024-07-28T13:41:12Z,sensor_82,50.4011293,22.904714,11.8,30.2,60.2,1782.1
2025-03-18T23:22:32Z,sensor_94,-30.1425917,27.4673845,17.5,52.9,39.7,1237.6
2025-01-07T11:22:43Z,sensor_87,-0.8667864,-54.9611836,19.7,67.6,76.0,1653.9
2025-03-08T08:30:31Z,sensor_98,-7.0051453,110.4381254,19.6,53.5,14.6,1255.5
2025-04-18T21:43:03Z,sensor_97,54.0058465,17.7763729,17.9,57.8,89.7,534.4
2024-09-28T13:19:27Z,sensor_32,-20.4170226,-49.9812625,20.4,79.4,115.8,1715.2
2025-04-18T00:45:09Z,sensor_94,17.387112,102.7755279,20.6,48.7,84.4,1806.5
2024-12-20T22:47:13Z,sensor_74,48.9378251,2.1570562,24.5,52.0,92.5,1929.2
2025-02-13T15:40:44Z,sensor_81,31.25583,48.61667,27.8,38.2,74.8,432.9
2025-03-24T14:19:07Z,sensor_58,26.433417,110.856622,29.2,57.4,95.8,1964.0
2025-05-20T04:26:07Z,sensor_31,-1.8409583,-49.4872858,28.4,89.4,28.2,955.7
2024-06-03T14:25:54Z,sensor_99,19.421145,-99.1283211,20.0,55.6,99.6,520.3
2024-12-02T16:36:13Z,sensor_52,39.9759847,-75.2537397,11.9,72.1,117.6,1973.8
2024-11-21T00:27:48Z,sensor_91,34.9442746,132.4282484,28.7,40.6,126.5,737.5
2024-11-11T17:32:20Z,sensor_43,-24.097317,25.0288051,29.8,79.3,17.6,1939.3
2025-05-15T04:28:40Z,sensor_67,25.941937,117.365052,15.2,74.0,67.3,485.8
2025-03-14T20:49:01Z,sensor_62,55.86667,37.5,20.0,38.3,6.5,548.3
2025-04-30T04:56:43Z,sensor_40,57.4249887,60.0526098,28.6,77.1,73.2,1362.6
2025-01-15T01:18:28Z,sensor_97,14.4801593,-88.7908717,27.8,46.6,11.5,1306.8
2025-02-21T20:34:06Z,sensor_78,41.7464398,-8.3721165,21.1,69.0,54.2,1954.4
2024-12-17T23:30:13Z,sensor_31,51.8910459,-8.4242597,13.4,52.3,41.8,1649.1
2024-09-06T21:39:44Z,sensor_66,45.383263,126.3127449,28.7,60.6,117.2,627.7
2024-10-31T19:37:36Z,sensor_65,15.1858624,120.5896151,25.5,85.4,146.7,1545.4
2025-01-28T02:27:35Z,sensor_39,9.7361006,123.9333482,27.5,33.7,10.9,1837.7
2025-01-27T08:55:44Z,sensor_29,59.3319489,18.0221451,13.0,78.1,47.6,990.9
2025-01-24T02:09:37Z,sensor_24,29.866818,121.570383,10.9,57.7,133.6,510.0
2024-06-11T16:47:47Z,sensor_15,-7.8003628,110.0181673,16.9,58.8,109.6,616.5
2024-09-04T09:42:06Z,sensor_11,-22.8824635,30.1454694,19.6,52.4,72.4,1625.9
2025-04-19T03:20:53Z,sensor_44,57.8001246,11.9841764,12.1,72.3,138.0,764.5
2024-09-16T15:45:36Z,sensor_28,-31.2657738,-64.460387,16.0,45.6,125.6,701.7
2024-09-18T03:59:04Z,sensor_96,12.0166664,123.6833344,17.9,78.4,56.7,1188.3
2024-08-29T21:41:57Z,sensor_31,55.0155118,22.2004824,26.0,40.7,87.7,1303.9
2025-04-19T04:06:58Z,sensor_92,-0.2142002,-78.4989722,13.0,85.6,117.2,1534.7
2024-07-15T12:26:40Z,sensor_72,32.2945837,-64.7858887,27.4,72.3,60.8,1998.9
2024-10-24T15:28:23Z,sensor_20,59.9388564,30.3598522,12.9,38.9,102.5,1322.9
2024-06-13T22:30:30Z,sensor_42,34.6756374,-5.2697497,27.9,31.1,127.2,1954.2
2025-01-26T17:31:42Z,sensor_19,50.9440122,5.9698278,11.8,55.4,25.3,1826.2
2024-07-10T14:03:36Z,sensor_27,28.753497,105.888827,22.5,34.6,65.3,1553.7
2025-02-13T23:02:54Z,sensor_95,39.073815,117.166453,19.4,34.0,113.3,1274.6
2024-06-13T06:11:42Z,sensor_51,57.7311354,12.0619752,15.5,52.3,101.7,1266.4
2025-02-10T10:09:14Z,sensor_55,30.07728,103.848396,29.7,62.7,97.6,1638.8
2025-05-22T15:19:50Z,sensor_32,-7.003771,108.2257659,14.0,52.3,32.9,1851.6
2024-10-02T13:07:15Z,sensor_60,17.8064459,102.5527505,12.8,48.8,1.1,975.9
2024-11-12T09:29:56Z,sensor_23,32.0607438,45.2384164,13.4,73.6,45.0,1668.0
2025-01-08T12:51:20Z,sensor_29,-32.3385963,-53.4770359,18.7,31.1,115.0,1881.5
2024-12-23T23:20:08Z,sensor_74,45.7417486,4.8867899,24.0,79.5,49.9,1463.4
2025-02-25T09:12:14Z,sensor_54,50.2072224,23.5464675,24.8,73.4,72.8,1115.6
2025-02-11T05:19:42Z,sensor_23,43.9375282,15.162899,15.2,38.0,50.8,1789.0
2024-08-30T03:22:31Z,sensor_28,49.2952364,14.4681017,13.6,44.4,25.6,1585.4
2024-10-04T16:34:34Z,sensor_13,30.108216,104.677091,14.5,50.5,24.9,515.8
2025-03-08T01:29:44Z,sensor_97,-0.6311749,100.1192169,12.0,33.6,59.7,653.0
2025-01-16T01:58:04Z,sensor_58,33.8446231,36.5499837,22.3,30.4,82.5,835.3
2024-06-22T17:36:54Z,sensor_62,-7.6426348,112.7032945,18.0,30.9,14.6,1838.8
2024-08-14T04:13:27Z,sensor_64,19.7391764,-71.4447337,11.3,75.9,144.0,520.0
2024-10-31T06:55:57Z,sensor_35,40.229627,22.4989768,14.6,72.0,36.2,605.5
2024-09-07T15:48:13Z,sensor_75,51.8846508,17.0729206,14.7,69.6,44.4,794.1
2025-01-02T19:00:23Z,sensor_89,-3.7901775,114.7380385,24.5,86.1,87.0,1716.3
2024-07-20T19:41:47Z,sensor_56,55.2160303,56.1396282,10.1,38.9,67.5,1149.7
2025-02-01T03:15:03Z,sensor_74,28.80901,120.26121,18.2,71.3,66.6,1506.9
2025-04-18T06:26:16Z,sensor_79,33.044814,106.656635,15.7,62.3,34.5,1944.8
2024-09-11T23:15:42Z,sensor_4,37.8744535,44.9801966,26.1,79.7,98.6,1912.8
2024-12-26T16:24:39Z,sensor_18,51.6248663,20.8139759,17.3,84.5,26.6,1027.5
2025-04-08T02:25:58Z,sensor_98,6.639497,-73.287406,28.2,65.8,6.8,1998.1
2024-09-10T13:54:47Z,sensor_58,14.6632212,-90.6132158,12.4,38.1,20.5,894.7
2024-09-03T01:31:01Z,sensor_87,26.0890415,119.3008339,21.8,64.3,149.5,1026.6
2025-01-28T23:35:34Z,sensor_22,55.9562612,92.5796162,17.9,42.7,7.1,1315.0
2024-12-29T14:02:51Z,sensor_51,22.817002,108.366543,23.2,41.8,147.9,465.4
2024-06-17T19:57:12Z,sensor_87,8.8443024,-79.8548823,27.7,70.2,23.2,415.8
2025-02-09T07:43:41Z,sensor_88,52.6960785,21.3639876,19.7,48.3,134.8,914.1
2025-04-11T11:00:57Z,sensor_90,30.82247,28.954309,10.4,83.6,122.3,442.4
2025-03-22T21:21:32Z,sensor_20,41.4581245,-8.6099118,11.9,76.0,43.8,536.5
2024-11-28T18:36:34Z,sensor_1,42.717429,124.038125,15.4,78.4,8.6,438.9
2024-06-19T18:26:28Z,sensor_3,39.7500822,-8.9421044,25.8,88.5,121.9,622.5
2024-08-12T12:08:14Z,sensor_71,-7.8880228,114.2152731,10.4,37.8,9.8,1065.6
2025-03-25T20:43:47Z,sensor_41,35.7819637,37.4974776,17.7,51.8,9.4,1084.9
2024-12-20T01:11:40Z,sensor_34,46.7604507,38.4094028,20.6,41.0,55.5,1769.5
2024-08-16T16:46:54Z,sensor_49,-0.970213,133.9246009,13.4,53.0,84.7,682.9
2025-03-31T20:11:58Z,sensor_71,-7.2171628,109.826069,21.0,35.0,127.0,1130.3
2024-08-31T08:21:10Z,sensor_2,42.0328151,-8.6450785,19.9,39.9,76.3,1688.3
2025-02-16T20:48:50Z,sensor_90,57.7311038,12.0586612,23.8,41.8,45.4,1612.9
2025-01-21T10:46:29Z,sensor_31,40.7773081,-74.0186386,19.7,82.0,52.6,788.9
2024-06-08T10:49:34Z,sensor_24,40.894048,44.1992229,24.7,58.3,45.6,654.9
2025-01-15T10:22:37Z,sensor_77,11.7072355,11.0824912,11.2,65.0,11.0,1878.8
2024-06-26T16:55:36Z,sensor_11,52.9718428,63.1128326,18.4,38.1,128.1,875.4
2025-03-25T22:17:50Z,sensor_76,18.0443274,-76.2754275,26.1,60.2,41.2,1544.2
2024-06-16T18:47:10Z,sensor_27,53.48661,106.0622305,19.7,73.4,85.0,875.9
2024-06-22T10:29:37Z,sensor_15,39.982718,117.078294,17.7,58.4,77.7,1023.3
2024-08-18T14:00:16Z,sensor_51,8.4430125,-82.3777335,23.7,73.3,7.0,1859.7
2024-12-05T09:32:25Z,sensor_56,-1.7669836,33.9694276,15.3,82.0,50.9,500.2
2025-01-23T15:27:44Z,sensor_72,30.070453,115.944218,26.4,55.3,73.5,955.3
2025-03-19T07:27:06Z,sensor_12,51.3457825,22.9059007,13.7,85.5,66.1,680.6
2025-04-05T03:40:22Z,sensor_47,31.9339724,118.670339,12.3,30.6,51.2,1112.4
2025-03-02T05:55:29Z,sensor_64,61.7968844,25.7035513,29.0,72.3,5.2,802.1
2025-01-31T04:19:55Z,sensor_79,30.779444,120.00922,26.1,81.3,54.1,1045.5
2024-07-15T14:28:16Z,sensor_59,46.305746,16.3366066,16.0,68.2,42.2,1925.4
2025-04-04T08:10:26Z,sensor_81,53.1406245,17.1259608,11.5,39.9,46.4,753.8
2024-11-23T23:33:36Z,sensor_69,-6.2477331,106.9154061,13.9,74.8,27.1,1233.1
2025-06-02T20:58:44Z,sensor_95,41.811979,126.918087,18.7,45.8,73.5,1186.3
2024-12-01T04:54:51Z,sensor_62,32.047243,44.3709408,25.7,75.8,69.6,566.6
2024-08-23T08:15:34Z,sensor_57,29.484185,105.594779,27.6,31.3,38.6,1795.3
2025-03-18T16:35:46Z,sensor_11,53.337199,91.9334697,10.2,64.3,86.9,1100.5
2024-11-05T04:48:12Z,sensor_45,-21.8239574,-47.2484692,13.8,33.5,9.1,1749.5
2025-04-07T02:40:48Z,sensor_33,45.4651444,-74.0798679,29.3,64.4,138.7,1678.4
2025-04-28T12:04:24Z,sensor_14,18.0435607,100.1031202,10.0,40.9,45.4,1060.2
2024-09-29T19:17:56Z,sensor_79,34.6689265,136.4689157,23.3,39.4,21.6,1069.1
2025-05-01T12:15:14Z,sensor_13,51.5742615,5.0840393,15.1,48.8,37.7,752.5
2024-08-01T05:51:40Z,sensor_95,58.3669548,45.5416034,10.2,46.9,5.6,1841.2
2024-11-17T19:38:57Z,sensor_52,50.4398775,3.3941571,15.2,81.8,105.5,1650.1
2024-06-28T01:25:33Z,sensor_82,-26.0779448,-53.05199,23.1,59.3,59.1,665.6
2025-01-30T15:34:52Z,sensor_50,34.61672,109.248057,12.1,79.2,51.6,1353.3
2025-01-09T11:39:04Z,sensor_59,-8.7223957,115.1767095,16.3,60.5,26.6,658.1
2025-03-16T13:56:42Z,sensor_44,23.1451405,113.2558405,11.9,88.0,91.8,564.4
2025-04-03T07:17:27Z,sensor_61,29.16113,112.683016,21.9,65.3,111.8,1236.8
2025-04-04T09:32:01Z,sensor_17,40.23921,116.12895,25.9,50.7,94.7,1450.7
2024-08-01T06:47:30Z,sensor_60,-25.0993621,-50.1584514,22.5,65.0,68.7,1259.7
2024-06-05T02:50:15Z,sensor_51,50.8177069,15.7230035,26.5,45.8,24.8,823.6
2024-12-16T09:12:00Z,sensor_55,34.2211097,71.6276159,23.6,38.1,50.5,1889.6
2024-06-23T03:50:33Z,sensor_15,28.721763,108.389861,19.9,75.5,144.4,931.9
2025-02-19T04:19:55Z,sensor_32,14.8823312,120.224318,29.2,62.6,48.4,485.1
2024-11-10T21:40:44Z,sensor_36,65.0081559,17.0061406,28.0,73.0,28.8,1195.4
2024-09-07T10:50:28Z,sensor_35,58.5785836,16.1948921,26.9,76.2,64.5,1079.9
2025-04-12T09:14:45Z,sensor_24,31.630613,118.421214,14.2,42.6,58.6,871.3
2025-05-10T11:39:10Z,sensor_53,42.5246357,87.5395855,26.4,45.1,106.5,1299.0
2024-09-15T21:55:04Z,sensor_86,60.994897,71.8982957,26.4,87.6,13.0,1535.8
2024-10-18T03:19:29Z,sensor_93,30.3776024,-81.5870604,13.1,74.9,49.8,1773.0
2024-10-29T14:20:26Z,sensor_2,-14.0874587,-75.762586,16.8,80.8,86.0,1648.2
2024-06-25T15:03:04Z,sensor_48,48.7997482,2.4699259,11.7,86.6,130.6,977.9
2025-03-19T16:26:12Z,sensor_4,37.347409,115.965874,16.2,63.0,73.6,1023.0
2024-12-02T13:15:22Z,sensor_6,7.7014054,125.9931065,14.0,35.1,121.5,1291.4
2024-06-12T00:47:06Z,sensor_22,60.26808,29.7523,14.0,74.7,41.5,1493.7
2024-11-27T00:47:41Z,sensor_47,39.1586587,-7.99645,14.3,35.5,117.0,1078.9
2024-06-08T02:58:34Z,sensor_52,59.6027686,16.5250369,16.5,53.0,121.5,825.7
2024-10-07T18:44:05Z,sensor_8,34.73564,105.32632,17.1,58.3,4.7,577.2
2024-06-22T04:50:19Z,sensor_78,55.7165288,37.784921,18.4,88.4,59.8,1134.7
2024-12-04T02:39:01Z,sensor_87,21.244721,110.455332,28.6,88.8,129.5,815.5
2024-10-18T20:04:32Z,sensor_26,62.1331515,22.55812,27.0,56.0,12.7,1118.6
2025-01-15T06:22:04Z,sensor_47,30.572815,104.066801,14.5,30.4,147.3,1097.2
2024-07-31T14:12:40Z,sensor_66,45.6628665,-73.8134978,28.7,81.1,84.3,790.4
2025-01-10T09:37:58Z,sensor_24,31.352859,118.432941,20.2,70.0,18.5,1682.8
2024-08-31T23:37:30Z,sensor_52,41.2126829,-8.1644142,19.9,70.0,56.6,1209.2
2025-04-27T02:15:21Z,sensor_12,61.9676727,26.3974095,13.2,62.4,17.7,1302.0
2025-03-13T13:46:38Z,sensor_57,45.8442734,20.2867074,12.7,81.8,137.9,944.1
2025-02-15T07:46:41Z,sensor_81,35.7948809,-78.505857,25.2,77.8,89.7,1380.4
2024-11-29T03:55:52Z,sensor_31,-14.658228,49.6452092,20.7,48.1,102.4,1189.0
2024-11-20T01:49:03Z,sensor_62,48.2678882,2.7122802,26.9,36.2,68.0,849.2
2025-03-01T06:43:02Z,sensor_37,27.88157,102.267712,24.7,59.8,147.9,1904.8
2025-05-10T00:11:28Z,sensor_47,37.1702603,49.4017092,21.4,59.2,127.8,1857.3
2024-08-09T19:36:14Z,sensor_4,46.3043619,38.9758429,13.9,63.0,49.9,1552.8
2024-09-30T10:48:07Z,sensor_23,29.878738,52.8205515,28.4,83.9,83.9,1562.2
2025-01-22T09:41:44Z,sensor_46,24.781681,118.552365,27.0,82.2,113.6,1106.0
2024-09-26T18:52:34Z,sensor_84,39.2259226,23.2195437,19.8,60.0,14.4,1133.6
2024-09-21T17:08:18Z,sensor_2,-21.4152377,-50.0773225,16.7,47.8,128.6,467.0
2024-07-22T14:45:48Z,sensor_56,45.494149,2.5726619,13.7,60.6,53.6,514.7
2025-01-01T05:09:34Z,sensor_12,43.473892,5.367851,23.1,42.2,50.6,1488.2
2024-12-11T05:32:49Z,sensor_94,-6.125044,106.8377497,11.5,84.0,52.6,1028.1
2024-06-07T01:23:57Z,sensor_86,-32.8916404,-60.7039167,29.8,41.4,123.7,548.9
2024-11-25T16:41:43Z,sensor_44,41.535,60.34556,10.8,43.1,147.6,1618.9
2025-02-27T08:19:32Z,sensor_2,12.405227,121.990643,21.2,55.3,85.6,1137.0
2025-02-01T04:56:04Z,sensor_39,25.60162,103.817356,28.2,70.9,17.6,1567.7
2024-08-31T20:16:47Z,sensor_44,-1.677582,-48.9605972,12.9,88.7,88.5,1438.9
2024-12-30T06:45:32Z,sensor_17,6.30435,-70.202659,19.7,33.7,129.7,1268.1
2025-03-19T19:52:01Z,sensor_91,58.5356199,31.2251615,25.0,58.5,35.8,1888.9
2024-09-14T07:45:01Z,sensor_65,-1.3928344,-78.4268758,18.1,38.0,47.9,1549.2
2024-12-07T14:33:45Z,sensor_39,55.706586,37.5186129,21.1,35.3,141.7,1273.7
2025-01-14T09:11:02Z,sensor_34,-26.17433,27.7875893,21.2,50.0,50.3,1879.0
2025-05-20T13:54:26Z,sensor_85,49.5086625,5.9634974,26.4,47.4,36.5,1608.9
2024-07-25T09:33:28Z,sensor_26,47.9795218,91.634756,17.8,75.9,8.6,1688.7
2025-02-28T07:40:33Z,sensor_78,5.7806339,36.5715924,17.6,58.9,125.2,1538.8
2024-07-11T10:49:58Z,sensor_81,-26.1447959,-49.2435998,27.3,75.7,36.6,1064.3
2024-07-13T07:14:05Z,sensor_56,15.9946032,120.7916737,12.1,30.8,28.0,488.9
2024-06-24T13:41:55Z,sensor_43,31.637714,119.716535,19.8,44.4,20.7,1837.0
2024-10-26T09:49:33Z,sensor_7,30.070933,118.181531,25.5,78.3,147.0,1079.9
2024-06-05T14:21:14Z,sensor_82,43.52639,68.5775,19.3,53.7,20.7,1950.5
2024-11-30T20:22:16Z,sensor_87,57.1887898,14.0089418,22.5,74.7,132.0,646.2
2025-03-01T09:53:42Z,sensor_11,39.4598833,48.5509813,15.5,69.0,101.6,1117.5
2025-02-27T15:53:33Z,sensor_25,16.22413,43.64383,13.5,35.6,68.0,1107.1
2025-03-05T11:26:08Z,sensor_36,-19.3352322,30.1791357,21.4,40.4,80.0,1328.1
2024-12-31T21:47:07Z,sensor_88,50.40008,-113.25189,23.5,57.5,36.3,596.9
2025-05-26T12:21:08Z,sensor_56,44.1675867,2.0308233,23.2,50.7,94.3,1024.9
2024-12-06T03:05:53Z,sensor_78,51.513694,5.361629,13.1,57.2,37.3,1014.2
2025-02-25T07:43:59Z,sensor_23,8.5657243,-82.7387601,22.6,61.6,127.1,1248.5
2024-06-27T05:24:03Z,sensor_43,39.7553682,-8.7451818,16.2,87.8,10.6,1407.5
2025-05-31T11:02:46Z,sensor_72,26.97139,115.118091,15.6,72.0,13.6,1392.4
2025-05-01T16:33:21Z,sensor_63,53.9384912,36.6848996,17.6,79.8,38.6,543.2
2025-04-15T00:44:57Z,sensor_83,55.6840317,12.5532982,13.2,34.6,107.2,559.0
2024-12-02T05:31:11Z,sensor_12,37.2488951,10.0415603,22.2,86.6,148.2,1390.4
2024-06-20T10:06:21Z,sensor_76,-19.6115404,34.7409293,13.9,37.6,50.3,1195.2
2024-08-14T16:24:28Z,sensor_69,57.6734233,14.9774312,25.5,56.9,1.9,1439.8
2024-07-06T22:32:57Z,sensor_67,48.7699292,30.2154406,17.0,62.7,87.0,432.1
2024-12-31T13:47:52Z,sensor_33,29.82,-95.29,20.0,37.1,100.4,426.4
2025-01-26T19:07:05Z,sensor_79,41.5660579,-8.5793664,15.9,56.1,33.8,421.0
2024-08-06T15:02:50Z,sensor_30,14.762796,108.9739954,20.4,48.9,50.7,1873.0
2025-02-20T17:46:45Z,sensor_78,48.5225505,23.5051414,11.9,61.1,50.1,1584.7
2024-07-04T12:28:50Z,sensor_73,10.8379491,124.0251538,21.0,47.5,99.8,1055.5
2024-09-24T15:51:08Z,sensor_58,38.396542,114.210844,22.8,66.0,128.9,773.0
2024-12-22T03:25:56Z,sensor_81,23.219932,102.835223,19.8,31.8,48.4,1808.0
2025-01-02T21:11:19Z,sensor_64,57.6540663,59.5033087,29.5,33.7,132.5,1339.5
2025-03-12T07:11:16Z,sensor_52,31.7711077,119.9742793,16.1,65.8,12.1,1590.5
2024-06-19T13:24:04Z,sensor_1,31.18458,115.026045,19.2,79.1,0.5,1536.9
2025-03-29T03:28:16Z,sensor_89,11.1449142,124.8326192,13.8,74.6,39.2,1791.4
2024-12-22T05:54:04Z,sensor_1,9.823961,-84.927454,15.4,32.2,77.5,511.0
2025-03-01T16:49:41Z,sensor_14,52.2239735,5.1704277,25.6,80.2,83.3,1254.3
2025-03-22T20:39:59Z,sensor_26,47.859986,-3.6006683,16.3,67.9,7.9,972.4
2025-02-02T13:08:06Z,sensor_60,-0.4616728,-76.9931074,16.3,41.0,79.0,1670.8
2024-11-02T10:47:13Z,sensor_21,10.8825337,124.9871635,28.3,35.8,17.1,997.1
2024-10-27T16:08:37Z,sensor_5,-26.2586271,-48.6349331,13.3,84.2,41.5,1242.4
2024-11-16T10:46:29Z,sensor_56,-18.7307117,-47.4916674,20.9,38.4,138.2,878.8
2025-01-08T22:47:57Z,sensor_93,48.8493975,2.4751086,21.0,67.2,15.1,841.8
2024-10-23T13:48:23Z,sensor_52,55.816131,37.8768991,10.8,85.8,55.7,1898.6
2024-10-23T03:45:35Z,sensor_90,-20.017643,-44.4370606,29.2,41.7,127.3,411.2
2024-12-26T22:15:31Z,sensor_2,43.974344,1.7811783,29.3,45.7,133.9,1396.7
2025-03-08T07:20:59Z,sensor_83,16.5211599,-88.3712796,17.8,86.4,13.4,1439.0
2025-03-13T14:11:10Z,sensor_45,39.9475,127.87111,25.8,56.2,108.9,1638.4
2024-08-11T04:23:31Z,sensor_76,9.9785656,-63.2194183,19.2,32.2,38.5,537.3
2025-05-23T17:37:41Z,sensor_75,50.9168212,5.9799297,15.7,52.5,46.3,864.4
2025-02-27T05:22:19Z,sensor_61,-31.4311903,-62.0729285,26.4,79.4,36.8,1365.1
2025-05-06T01:22:33Z,sensor_10,43.2388068,45.5034856,24.8,33.8,98.0,1558.2
2024-11-14T09:00:16Z,sensor_26,18.8340566,-72.8663173,21.6,37.5,46.0,1880.3
2024-08-25T19:31:51Z,sensor_100,56.8999269,26.7198789,16.4,49.0,110.9,1169.7
2024-07-17T15:24:12Z,sensor_88,37.546455,121.369038,28.2,38.4,80.5,1978.6
2024-06-10T05:32:49Z,sensor_56,13.794468,100.327706,25.9,54.4,108.8,1661.3
2024-07-03T05:58:33Z,sensor_19,45.4698284,13.6405292,18.2,62.9,145.7,459.8
2025-04-05T02:41:47Z,sensor_38,39.8547136,-8.8790902,28.5,37.5,96.4,530.8
2025-01-21T11:14:04Z,sensor_9,-15.5319205,-71.5490271,27.7,78.6,104.7,840.1
2024-12-29T19:31:39Z,sensor_67,11.0855409,7.7199454,20.2,33.1,129.9,416.5
2025-05-15T17:09:27Z,sensor_29,24.44218,114.938684,10.4,46.2,25.9,1995.2
2025-01-12T19:45:26Z,sensor_45,6.9234906,5.7773898,15.6,39.1,85.4,583.7
2024-07-19T17:59:25Z,sensor_72,34.34013,63.75288,21.0,56.4,121.7,1396.4
2024-12-13T09:41:16Z,sensor_34,36.7146675,102.0851431,13.1,40.0,2.8,1082.1
2025-03-22T15:24:59Z,sensor_63,14.4693883,121.0059518,28.1,45.9,115.3,550.2
2024-07-25T12:44:37Z,sensor_4,39.7122932,-8.5290447,17.2,65.3,17.8,896.0
2024-11-25T21:28:33Z,sensor_2,50.1805865,12.7458293,12.4,66.3,19.4,1305.2
2024-11-23T05:00:14Z,sensor_59,41.741781,-7.4731648,27.6,51.8,140.5,517.0
2024-08-17T19:01:37Z,sensor_51,42.6484886,27.683386,16.8,69.9,63.3,705.5
2024-11-26T16:05:59Z,sensor_57,52.2590681,104.2366111,30.0,68.6,74.8,665.5
2025-06-02T07:34:34Z,sensor_51,52.3739053,4.615857,14.7,80.9,13.1,1211.6
2024-11-19T13:51:05Z,sensor_65,-6.7657,111.6511,20.6,36.5,100.2,864.1
2025-05-30T07:55:53Z,sensor_60,-7.4242735,-79.5069436,17.2,59.4,38.0,1578.1
2025-05-22T19:06:12Z,sensor_38,56.0633738,14.5468659,18.4,48.9,104.2,1989.8
2025-05-28T21:34:44Z,sensor_28,19.1914151,-96.1275175,23.6,76.2,93.8,560.0
2025-02-04T01:19:31Z,sensor_84,39.128291,117.251586,23.4,70.1,40.4,965.1
2025-01-21T13:51:27Z,sensor_19,40.9463093,68.7512681,29.2,88.9,146.1,634.5
2024-12-15T09:23:43Z,sensor_1,19.2232969,-70.5126462,16.9,31.3,99.5,1902.6
2025-02-13T22:26:41Z,sensor_69,10.2683199,-68.0179418,15.0,52.9,34.9,1730.4
2024-10-30T04:11:14Z,sensor_85,13.5438736,123.1446683,20.4,34.2,13.5,808.8
2025-04-02T01:30:11Z,sensor_71,16.237173,-61.528372,22.1,42.0,105.2,813.4
2024-09-17T08:48:24Z,sensor_79,33.1176647,46.1732912,11.5,58.0,143.1,1573.1
2025-06-02T21:37:09Z,sensor_52,28.650932,86.435767,12.2,86.3,5.4,668.0
2025-03-08T19:57:11Z,sensor_50,-21.4099469,-48.5076885,20.5,30.3,93.7,785.9
2025-02-28T02:07:25Z,sensor_65,30.6907753,49.8240194,16.1,66.9,60.6,1645.2
2025-03-19T20:46:18Z,sensor_89,-23.8182859,-46.0851681,12.3,46.0,41.0,913.4
2024-12-15T17:05:00Z,sensor_53,25.84122,116.023145,24.1,48.9,81.3,1219.7
2025-03-22T12:59:48Z,sensor_34,54.11538,20.1302301,24.2,85.5,107.1,1073.5
2024-11-14T10:46:58Z,sensor_13,16.289185,119.90559,12.1,36.4,147.4,1403.9
2024-07-02T14:12:07Z,sensor_96,30.434801,92.060395,27.4,69.3,9.9,413.8
2025-05-27T20:40:28Z,sensor_71,49.70521,6.4828237,20.3,62.5,39.8,1858.5
2025-01-03T00:08:44Z,sensor_13,14.7036955,-87.1210889,18.8,31.3,88.2,723.8
2025-05-25T16:08:50Z,sensor_51,48.560407,38.6487184,12.5,41.6,89.0,984.8
2025-04-15T23:19:45Z,sensor_29,23.7247599,108.8076195,14.6,51.9,138.0,1802.2
2025-03-15T19:58:19Z,sensor_45,55.0650892,-7.269174,23.5,36.6,107.1,1421.3
2024-10-16T09:44:58Z,sensor_15,27.0449005,84.8672171,14.8,38.8,125.3,766.8
2024-06-15T17:15:34Z,sensor_24,-27.0307058,-62.7087197,18.3,58.7,47.0,1875.8
2024-10-16T08:47:29Z,sensor_59,41.9391449,12.532671,16.9,60.6,142.7,1202.6
2025-03-01T13:04:29Z,sensor_70,13.76857,46.011871,23.1,38.3,81.9,1343.3
2025-02-26T14:29:19Z,sensor_74,41.1279946,-7.9859629,16.4,75.5,135.9,641.7
2025-03-08T16:11:46Z,sensor_38,40.3853464,-8.380125,26.0,80.0,67.9,1166.3
2024-12-25T14:49:56Z,sensor_73,48.0486753,38.45053,18.0,37.5,64.1,1978.1
2024-10-05T03:03:35Z,sensor_81,53.543617,49.2636336,15.0,60.2,93.0,819.7
2024-11-29T00:26:06Z,sensor_47,14.08181,-85.994003,23.3,84.4,137.9,1826.2
2025-02-12T13:01:47Z,sensor_8,55.662882,37.5826719,14.9,50.8,137.3,652.2
2024-12-10T22:10:24Z,sensor_89,48.7786908,-123.7079417,23.4,43.1,111.0,464.1
2024-11-22T19:52:31Z,sensor_87,29.082103,111.06586,15.6,35.5,32.4,834.4
2024-12-24T21:20:39Z,sensor_72,14.5700525,121.021201,16.4,52.5,87.3,706.7
2024-07-02T16:38:01Z,sensor_61,59.3778462,18.0367294,19.1,76.8,76.6,803.5
2024-06-11T17:11:05Z,sensor_23,39.9391612,116.4578203,10.3,77.7,113.4,1809.3
2025-02-22T09:08:13Z,sensor_53,25.822349,107.322323,24.8,82.0,94.1,1130.4
2025-03-30T05:40:24Z,sensor_51,13.4008274,123.4768981,29.1,73.2,44.8,1688.7
2024-11-16T07:05:20Z,sensor_85,41.3259342,-8.2754117,21.2,35.8,15.2,854.8
2024-09-23T21:25:35Z,sensor_75,-7.4869186,108.4691492,17.1,55.8,7.2,1505.1
2024-10-01T21:09:54Z,sensor_63,42.3223434,22.7092535,21.9,42.4,87.4,1993.3
2025-03-30T10:18:43Z,sensor_50,-28.73688,31.89571,21.1,33.2,136.5,1005.9
2024-10-05T08:40:48Z,sensor_19,24.410255,117.416058,22.8,37.7,3.9,1267.5
2025-05-15T12:45:05Z,sensor_88,49.9514305,19.7973419,22.5,83.1,57.5,1702.4
2025-03-08T19:12:12Z,sensor_66,49.7880079,14.293561,13.9,66.0,82.3,1662.8
2024-10-04T00:28:31Z,sensor_97,14.9327085,-88.7758503,18.9,86.8,58.3,686.4
2025-04-11T22:39:38Z,sensor_25,14.4590296,-4.9169196,11.7,47.8,32.7,1199.0
2024-09-10T05:28:18Z,sensor_73,5.7204203,10.901604,28.9,52.2,49.6,1692.3
2025-03-14T06:10:01Z,sensor_100,35.0995959,-89.862563,17.4,84.7,68.6,844.6
2025-03-10T07:26:58Z,sensor_4,35.6478877,117.2786906,21.0,78.1,143.3,1991.2
2025-01-28T21:56:29Z,sensor_63,38.64501,65.68952,28.5,36.5,113.4,1642.4
2024-08-03T02:48:06Z,sensor_74,57.6995979,11.9761953,14.5,31.3,26.9,1645.5
2025-04-18T00:18:29Z,sensor_76,8.5087615,-74.7571147,28.7,39.2,115.6,1792.1
2024-09-16T12:35:19Z,sensor_47,31.0452345,46.2665911,12.9,38.8,115.5,1980.2
2025-02-22T16:56:46Z,sensor_8,41.631154,42.3915567,13.0,34.7,122.1,969.0
2024-11-06T17:23:05Z,sensor_21,30.742803,120.48806,15.2,60.5,120.2,1116.0
2025-04-29T06:23:34Z,sensor_97,54.789029,39.833505,22.5,83.5,49.4,1995.8
2025-03-20T08:29:57Z,sensor_81,41.1024492,-81.4992884,16.6,82.6,10.9,1567.3
2024-06-05T03:44:32Z,sensor_72,41.6690275,48.3784919,21.4,60.0,134.7,713.5
2024-09-07T12:54:33Z,sensor_78,36.3845687,140.2519636,21.2,68.3,147.3,777.9
2024-11-09T06:48:14Z,sensor_54,30.024828,121.343065,28.5,56.0,70.6,427.4
2024-07-07T21:32:37Z,sensor_82,31.76,-106.49,26.6,71.5,25.1,1413.1
2025-02-14T14:55:16Z,sensor_40,56.8858071,59.8921899,26.8,35.0,116.8,1178.6
2024-11-25T18:24:51Z,sensor_37,51.3098574,18.3275179,28.9,58.4,53.1,1003.1
2025-01-23T21:58:34Z,sensor_6,30.145729,120.589457,18.6,88.0,30.6,833.3
2025-03-12T12:10:59Z,sensor_82,-2.5482448,115.4452197,13.9,67.7,149.0,577.0
2025-02-14T11:44:29Z,sensor_25,-8.5705,116.498,13.7,70.9,15.6,1695.0
2025-05-23T22:49:03Z,sensor_72,59.260523,15.1978279,12.2,57.7,130.8,1990.7
2024-12-27T08:17:17Z,sensor_88,41.933917,126.422806,18.0,74.1,136.6,874.5
2024-09-14T20:48:59Z,sensor_88,-7.0428799,113.8019562,10.7,36.0,149.8,607.6
2025-01-02T21:25:58Z,sensor_69,12.65179,-1.888756,28.3,77.3,102.0,567.8
2024-10-24T19:24:36Z,sensor_73,48.0589455,34.6153907,19.3,49.1,29.9,1129.5
2024-07-11T02:03:24Z,sensor_80,26.641315,100.222545,20.9,50.2,7.4,804.0
2025-01-17T11:21:47Z,sensor_28,34.7791206,135.4203895,29.7,43.5,85.3,1315.7
2025-05-11T16:10:10Z,sensor_29,43.4321902,46.0788428,29.3,77.5,60.6,1946.7
2025-04-23T00:49:12Z,sensor_34,-15.8146532,-47.9029793,12.6,72.7,88.1,805.4
2024-12-03T23:55:46Z,sensor_79,-23.7461236,-46.3958816,24.1,79.5,7.8,1347.1
2025-04-19T12:32:31Z,sensor_58,55.6780389,12.577906,26.0,73.5,63.2,888.6
2025-01-31T01:31:46Z,sensor_14,35.21,-80.69,25.7,50.7,94.9,515.1
2025-03-24T07:01:40Z,sensor_17,26.5015552,67.9731001,18.6,47.6,130.9,1046.0
2024-08-22T16:49:37Z,sensor_92,27.845011,117.383641,25.5,34.1,50.1,1212.6
2025-03-23T02:44:51Z,sensor_17,-21.0504707,55.2828404,13.1,42.2,7.7,965.3
2024-11-04T03:42:59Z,sensor_33,45.6628665,-73.8134978,24.0,81.7,133.0,1168.1
2024-10-26T16:24:03Z,sensor_86,-7.2634241,109.399141,10.7,75.4,105.8,592.1
2024-11-28T18:39:28Z,sensor_81,40.7345053,-111.8628205,29.8,70.3,72.7,1830.9
2025-01-04T06:23:46Z,sensor_99,17.686931,103.9608091,17.1,75.3,96.3,821.6
2024-09-29T21:13:45Z,sensor_48,-20.4059505,57.7034222,14.5,76.6,61.5,1501.8
2024-06-08T05:42:27Z,sensor_54,-32.5711982,-64.3878273,22.3,71.5,38.1,789.5
2024-09-16T22:10:17Z,sensor_95,-12.8528438,-38.3271112,13.7,77.2,120.3,1740.9
2024-12-05T00:00:55Z,sensor_55,59.8425242,17.5656915,24.2,48.5,116.2,604.8
2024-06-03T19:20:33Z,sensor_14,27.5800122,-109.9297789,29.6,61.6,115.7,1985.6
2024-12-09T05:31:32Z,sensor_11,37.9381943,126.5877948,10.8,70.4,35.9,491.2
2025-04-27T17:19:30Z,sensor_6,10.323959,-74.961495,15.6,58.5,83.6,778.2
2024-07-16T18:24:32Z,sensor_79,49.1517927,34.1953871,15.1,33.8,149.0,1114.7
2025-01-14T14:17:18Z,sensor_47,49.7133875,18.4511722,24.7,38.0,43.6,1540.4
2024-08-05T09:47:19Z,sensor_11,53.1137898,19.0552497,27.9,35.7,55.4,1633.5
2024-12-30T02:43:03Z,sensor_4,36.275231,113.310158,15.6,72.0,85.1,989.9
2025-03-16T10:04:02Z,sensor_23,-20.0822785,-44.5805309,26.4,31.7,83.8,989.1
2024-07-23T10:26:04Z,sensor_12,-6.980092,-35.8934136,16.5,57.8,123.3,1734.3
2024-06-22T12:10:56Z,sensor_51,-6.3917341,106.8856933,11.7,72.1,71.5,497.3
2024-10-14T05:48:38Z,sensor_51,48.7277622,100.7724281,15.1,79.1,146.3,682.1
2025-04-05T10:36:59Z,sensor_96,-13.67147,-172.17768,28.2,62.3,40.8,1102.4
2025-01-14T07:00:11Z,sensor_48,9.9821841,122.7382909,10.8,74.2,8.7,779.6
2024-07-09T10:51:20Z,sensor_32,33.23203,35.75572,13.4,53.4,114.2,1854.5
2024-12-20T23:27:17Z,sensor_69,13.2892111,-86.6548114,19.7,41.8,75.6,776.8
2025-01-25T05:17:07Z,sensor_29,45.310056,-75.8292031,16.9,59.7,131.1,1022.3
2024-06-30T20:47:11Z,sensor_32,-8.4382384,114.0974489,24.4,49.4,142.8,1685.6
2024-11-03T14:58:07Z,sensor_32,28.074649,119.141473,11.8,86.9,54.5,1251.7
2025-04-13T17:36:00Z,sensor_43,13.0695031,-3.0626284,19.7,45.4,97.1,1032.3
2024-11-06T11:07:59Z,sensor_91,29.980362,119.420836,27.4,49.6,101.6,1905.5
2024-06-27T14:50:00Z,sensor_68,51.59119,-1.407848,25.5,77.8,128.8,814.1
2024-06-16T09:18:43Z,sensor_79,6.5959532,3.5033042,28.2,67.7,2.1,1572.4
2025-02-14T14:20:52Z,sensor_9,-6.3503773,106.8974964,21.6,58.0,39.5,537.2
2024-11-23T01:52:38Z,sensor_71,42.9177058,125.0428455,20.5,42.8,46.4,929.4
2024-07-12T16:18:46Z,sensor_52,32.5009216,-6.6905458,17.1,34.4,72.9,1675.6
2025-01-20T22:59:14Z,sensor_74,36.3573462,25.4459308,25.3,88.5,127.7,743.8
2024-11-21T04:47:15Z,sensor_20,-9.0202023,-78.6143377,18.1,45.8,119.7,692.4
2025-05-21T23:14:44Z,sensor_72,-7.3058578,109.4259114,14.3,39.0,71.0,680.6
2024-06-30T21:43:13Z,sensor_53,-7.2949141,107.8021158,25.3,66.7,77.1,901.5
2025-04-06T20:54:20Z,sensor_22,30.081941,120.495065,20.3,31.4,108.8,842.0
2024-12-24T19:40:21Z,sensor_79,48.13348,-78.13283,29.0,79.6,66.2,1255.1
2025-04-18T14:24:11Z,sensor_97,35.7517244,39.6156785,19.9,47.6,83.4,1566.8
2024-08-04T04:53:51Z,sensor_76,49.2211865,-68.1518275,14.3,40.7,85.0,1608.0
2025-01-08T11:33:30Z,sensor_21,45.417087,-0.302506,23.6,47.6,106.0,604.1
2024-07-05T23:53:28Z,sensor_56,-7.2171628,109.826069,28.1,35.0,128.3,1213.0
2024-08-07T11:41:00Z,sensor_83,-27.2000865,-54.9815915,15.5,43.5,70.4,418.9
2024-10-06T05:33:38Z,sensor_80,50.0461011,13.757651,21.8,85.9,51.4,1047.5
2024-09-19T06:35:06Z,sensor_79,48.1509479,25.379971,23.3,71.5,101.2,802.5
2025-04-04T06:07:18Z,sensor_54,40.06165,43.9852874,19.6,56.6,127.6,847.2
2025-04-12T05:16:06Z,sensor_37,61.8879727,22.0502411,13.8,61.1,90.5,681.4
2025-04-14T21:15:23Z,sensor_59,40.6280245,117.2536039,14.6,39.4,146.2,1828.6
2024-08-18T15:36:50Z,sensor_68,9.834832,-75.120521,13.1,56.2,125.1,1374.5
2024-10-23T18:36:19Z,sensor_91,19.368252,-99.296058,11.5,84.0,103.4,530.9
2025-01-01T03:56:06Z,sensor_82,57.0473862,65.7110972,17.0,64.2,109.9,539.8
2024-10-11T08:48:56Z,sensor_95,21.270702,110.359368,22.3,35.4,5.2,1685.0
2024-09-15T02:43:12Z,sensor_47,52.9369158,-66.9238331,12.3,87.2,59.7,849.5
2025-05-14T03:31:06Z,sensor_42,30.224471,118.511306,10.9,48.9,13.0,895.5
2024-07-07T19:58:32Z,sensor_3,50.9409245,20.9571249,26.2,59.8,13.0,1090.6
2024-07-26T00:32:52Z,sensor_58,34.8554595,35.8586671,12.1,52.1,71.8,1180.7
2025-02-28T09:05:01Z,sensor_25,-8.8814738,117.3733989,26.2,77.8,146.8,1765.4
2025-01-15T20:45:09Z,sensor_24,38.135288,114.397004,28.9,78.7,128.5,1581.1
2024-07-16T22:49:14Z,sensor_14,49.8180135,9.9637931,20.0,75.8,18.8,1452.7
2025-04-11T19:41:40Z,sensor_79,-8.4478,123.5082,18.5,49.9,63.5,1546.2
2024-09-06T06:12:26Z,sensor_74,-25.6177713,-56.2817585,14.8,67.4,130.5,1541.8
2024-06-06T21:40:05Z,sensor_41,16.0768029,120.4222511,14.3,30.1,149.8,1025.6
2025-01-22T16:22:47Z,sensor_78,41.1013753,-7.2325243,29.4,88.2,145.0,1777.1
2024-11-29T13:14:35Z,sensor_11,-9.3588996,119.9162276,22.9,84.2,64.3,1326.8
2025-05-23T02:22:56Z,sensor_85,43.2916776,-0.3696612,21.5,40.5,62.5,1685.8
2024-06-07T08:26:32Z,sensor_15,41.1897615,-8.330057,26.7,39.6,135.7,604.3
2025-04-01T07:39:48Z,sensor_51,14.136844,-90.008975,11.9,49.8,96.9,1233.5
2025-05-23T16:02:24Z,sensor_83,29.5917677,52.5836982,10.3,65.3,137.0,1417.3
2024-12-04T17:58:06Z,sensor_14,19.9252706,99.8625116,25.5,69.7,37.2,1313.5
2025-04-21T06:45:58Z,sensor_3,43.8521146,-79.1012197,22.7,50.8,21.0,1933.6
2024-07-30T19:45:59Z,sensor_100,33.387684,114.021538,16.3,35.3,12.7,1626.3
2024-12-27T13:17:22Z,sensor_99,-7.0142083,108.4335393,16.4,41.9,78.0,1430.4
2024-12-20T23:07:42Z,sensor_99,38.5,101.21667,10.3,78.1,25.7,821.8
2024-09-23T20:12:09Z,sensor_18,42.88719,120.67466,13.0,43.2,131.7,1006.8
2025-03-30T02:34:22Z,sensor_19,-7.2652612,109.3575011,12.4,80.8,13.6,1124.5
2025-04-11T20:53:01Z,sensor_59,45.6326302,4.909835,23.4,52.1,12.1,1417.2
2024-09-13T11:14:08Z,sensor_41,31.2971634,121.4870071,23.1,69.7,124.5,1938.9
2025-01-15T01:51:32Z,sensor_90,-34.1407972,19.9199137,25.2,30.6,12.6,1227.5
2025-01-07T04:41:52Z,sensor_41,46.6202927,-64.386599,10.1,57.6,98.6,1936.1
2024-12-30T05:15:39Z,sensor_44,13.8354819,-88.9856574,17.7,35.1,87.5,810.6
2024-12-07T00:43:47Z,sensor_1,7.28361,125.84222,15.3,44.4,65.3,1957.0
2025-03-15T00:43:53Z,sensor_26,61.1012691,44.8327881,21.9,38.4,145.1,535.6
2025-03-29T15:25:07Z,sensor_66,48.689836,6.17445,10.8,86.8,134.0,757.3
2024-07-29T12:51:20Z,sensor_32,32.9401173,50.124088,14.4,42.0,142.9,624.1
2024-08-09T06:28:01Z,sensor_49,30.233873,119.724733,29.7,57.1,38.3,947.2
2024-07-19T14:57:47Z,sensor_44,41.6183527,67.1894488,14.2,50.2,123.7,888.4
2024-06-03T21:32:23Z,sensor_80,-15.741151,-43.0280584,20.6,88.6,149.0,630.4
2025-02-20T18:06:31Z,sensor_11,54.6119569,45.9028182,11.7,50.6,55.4,1052.6
2024-09-23T22:01:24Z,sensor_84,55.9840531,37.1619979,10.3,61.5,89.2,693.0
2024-09-18T17:59:56Z,sensor_18,-6.2568393,106.855853,21.0,49.5,115.0,938.8
2025-03-23T05:59:22Z,sensor_81,45.6408779,20.4256633,29.8,77.8,1.6,1798.4
2024-09-06T12:24:16Z,sensor_2,29.497833,109.918672,23.6,83.4,115.6,1333.4
2024-09-26T15:37:44Z,sensor_100,31.57112,35.23227,28.2,70.4,130.8,584.1
2025-01-14T13:39:43Z,sensor_54,50.8508489,21.0111639,26.5,77.2,33.0,1914.0
2024-12-13T02:07:01Z,sensor_43,29.270311,88.880492,20.0,68.5,122.1,1307.4
2025-02-14T20:18:14Z,sensor_80,-6.9757055,111.8270486,15.0,35.3,75.4,1943.6
2024-09-26T20:34:31Z,sensor_76,36.6839265,139.9649414,24.9,81.9,86.0,1399.5
2024-12-18T00:00:09Z,sensor_43,50.0898667,18.7713104,11.3,54.0,114.6,744.2
2024-08-01T10:44:24Z,sensor_78,46.8318267,29.4620887,26.8,36.6,83.7,1008.0
2024-08-26T10:37:55Z,sensor_70,56.6566914,16.5063562,26.0,77.4,147.4,1495.1
2024-09-10T11:00:40Z,sensor_29,37.429832,110.88907,22.4,45.3,108.6,1598.3
2025-02-17T05:13:07Z,sensor_74,37.9510555,23.5280223,25.6,89.6,20.6,644.6
2024-12-18T02:52:44Z,sensor_14,61.8879727,22.0502411,22.1,44.9,66.4,1611.8
2025-04-22T20:04:10Z,sensor_64,41.4486772,-8.4460594,21.6,64.9,64.3,1872.5
2024-11-08T00:40:18Z,sensor_97,24.4432479,-104.1175578,11.7,87.3,128.3,1728.1
2024-06-18T22:11:54Z,sensor_69,22.843818,114.164223,12.3,63.2,110.7,1121.6
2024-12-12T07:10:37Z,sensor_49,17.9179214,-76.579165,20.2,65.6,82.3,670.1
2024-09-18T02:22:07Z,sensor_31,52.2041343,24.7853017,28.3,81.9,139.7,960.1
2025-06-02T10:51:58Z,sensor_54,-4.061738,19.5865629,17.5,74.4,118.5,467.5
2024-12-01T04:43:04Z,sensor_78,18.4907917,-69.9603742,13.7,56.5,3.2,1638.7
2025-02-06T13:53:56Z,sensor_65,9.6389796,-68.129727,24.8,76.4,54.0,467.5
2024-10-20T05:17:16Z,sensor_2,-3.4233267,130.2271243,11.5,75.0,108.5,1177.9
2025-04-02T17:56:37Z,sensor_54,15.1274943,104.5757366,15.9,84.1,57.8,965.4
2025-01-20T02:37:56Z,sensor_83,43.2038704,44.8434843,26.5,67.3,142.5,1992.0
2024-12-02T22:06:34Z,sensor_30,-6.8641543,107.6232996,10.1,71.3,129.6,1841.4
2024-11-14T15:12:14Z,sensor_100,46.1399991,14.9617162,24.5,89.3,62.8,1171.8
2024-07-19T00:56:55Z,sensor_60,31.532311,119.567785,12.0,84.3,45.7,1311.7
2024-09-08T11:57:22Z,sensor_77,-22.8458105,-47.2288853,23.0,88.3,8.3,728.4
2024-08-03T15:11:30Z,sensor_19,11.8478074,11.0706454,29.9,31.2,132.2,647.8
2024-09-12T02:23:22Z,sensor_67,8.797145,-75.698571,15.3,51.1,51.8,1126.4
2024-12-25T20:28:47Z,sensor_17,6.4675486,124.8060125,14.6,79.2,64.4,1170.0
2025-05-22T13:38:07Z,sensor_1,-7.130192,112.420603,29.7,65.1,117.3,620.8
2024-11-15T21:21:16Z,sensor_61,31.058765,121.315718,27.5,81.4,48.6,1111.2
2025-02-20T08:01:51Z,sensor_67,50.1601386,107.3956619,24.5,54.5,125.8,1866.4
2025-01-17T03:34:01Z,sensor_53,38.4800003,22.5843667,19.9,88.5,26.3,619.5
2024-08-16T04:21:58Z,sensor_33,49.3496761,18.180271,10.6,68.4,109.5,693.5
2025-02-02T05:53:46Z,sensor_43,50.8294542,19.2859852,20.4,34.1,87.0,1098.8
2024-06-08T13:11:35Z,sensor_26,-23.8158392,-45.3664809,24.2,73.3,20.7,931.3
2025-05-29T08:24:38Z,sensor_6,4.2867309,-74.812294,13.3,49.1,71.6,1460.1
2025-02-07T10:45:58Z,sensor_42,4.0568941,96.2468873,22.7,31.4,65.5,1984.5
2024-08-17T07:18:04Z,sensor_42,63.1257009,14.5928298,19.9,75.1,51.5,914.8
2025-04-17T02:16:13Z,sensor_59,49.0149775,31.0539028,22.2,77.5,127.1,1151.7
2025-03-18T23:16:39Z,sensor_47,60.60646,15.6355,22.7,31.2,66.5,1716.6
2024-08-22T20:09:42Z,sensor_5,34.414961,115.656339,14.1,58.3,88.0,1829.8
2024-09-17T17:43:01Z,sensor_20,52.644,25.2027,19.6,37.6,8.9,1502.8
2024-11-13T14:55:20Z,sensor_60,12.8964041,8.5281613,12.8,54.7,139.8,1070.0
2024-09-23T19:52:32Z,sensor_27,62.3926514,17.2942976,12.4,52.3,81.2,1824.5
2025-03-17T21:34:55Z,sensor_21,54.2144309,28.5084359,22.9,82.7,35.0,649.5
2024-06-23T11:11:20Z,sensor_90,23.090823,113.74595,26.1,73.0,136.6,1029.4
2024-10-14T17:38:42Z,sensor_85,39.305219,-8.6288405,19.2,79.6,33.2,1517.2
2024-11-02T01:25:32Z,sensor_31,39.7007906,140.9596925,20.4,63.9,137.8,1792.9
2024-10-31T23:49:12Z,sensor_17,55.1264168,39.7951718,19.1,67.7,100.1,602.7
2025-02-08T09:15:05Z,sensor_29,-34.5054318,-58.5144579,11.8,40.2,71.7,1588.0
2024-10-15T12:42:33Z,sensor_83,41.9227482,-8.5332804,20.0,44.3,146.1,1263.8
2024-09-28T06:50:20Z,sensor_16,9.9037751,4.4053497,13.6,75.8,21.7,1790.7
2025-04-06T20:52:04Z,sensor_3,30.0747701,-95.5216667,26.3,62.0,39.5,1614.6
2025-03-13T04:05:15Z,sensor_55,8.6286447,-13.2158557,18.5,35.9,126.6,513.0
2025-05-19T11:42:16Z,sensor_3,50.1010604,129.4430074,12.0,51.4,144.9,767.9
2024-11-22T12:29:42Z,sensor_52,5.0153677,-9.0377612,28.0,52.8,23.0,512.2
2025-01-15T02:15:50Z,sensor_78,-7.2030729,112.0237903,26.8,35.0,90.6,401.4
2025-03-06T01:36:37Z,sensor_19,23.2252,113.148534,28.5,48.0,1.1,1241.5
2024-06-19T22:57:07Z,sensor_58,53.54091,15.55963,25.7,42.1,13.0,1769.5
2024-06-20T01:18:37Z,sensor_43,39.822507,109.963338,15.1,51.2,64.4,1704.2
2024-07-21T10:12:53Z,sensor_21,41.942393,126.558573,17.5,80.8,71.4,1081.5
2024-06-29T16:34:35Z,sensor_79,17.2375,99.818333,24.3,67.3,61.8,1832.5
2025-01-01T04:16:49Z,sensor_36,41.746429,22.199654,21.9,48.7,69.1,1741.6
2024-08-24T10:30:29Z,sensor_27,18.9398354,96.4343621,28.6,73.3,129.4,556.5
2024-09-24T23:11:32Z,sensor_63,39.9602601,-83.0092803,11.9,76.2,123.0,1112.8
2025-01-12T09:12:46Z,sensor_88,49.6805192,19.7822663,18.9,34.4,52.1,560.6
2024-09-29T13:18:26Z,sensor_64,-4.4606478,-65.6658568,17.4,78.9,81.2,1106.2
2025-04-14T23:50:21Z,sensor_12,42.3968365,143.3024788,11.7,77.2,112.7,617.6
2025-05-12T15:32:13Z,sensor_42,10.6936663,122.5655726,26.2,86.0,130.0,464.0
2025-02-13T05:58:22Z,sensor_19,10.7613138,123.3719862,18.0,76.5,101.2,570.6
2024-06-09T07:26:33Z,sensor_35,44.6939722,18.9959549,16.2,72.4,5.3,1837.6
2025-04-07T23:33:19Z,sensor_93,32.17842,35.21569,20.1,68.4,95.6,1239.2
2024-09-22T05:19:33Z,sensor_47,-10.1750977,-59.4478932,19.5,46.6,32.0,446.6
2024-08-24T04:21:40Z,sensor_42,29.14583,48.09472,20.1,61.7,79.5,796.0
2024-06-07T17:10:52Z,sensor_56,-8.7224084,125.5712576,24.3,35.4,53.3,449.7
2024-10-16T10:09:36Z,sensor_32,15.2170207,43.0704759,11.0,82.2,110.5,1522.2
2024-10-29T07:06:12Z,sensor_8,41.10388,-7.1677878,18.7,57.1,45.1,685.6
2024-09-29T06:23:58Z,sensor_99,47.1426,28.6295416,28.2,40.6,12.6,1812.2
2025-02-23T08:39:38Z,sensor_68,-7.43712,108.36198,27.8,39.3,72.0,996.9
2024-10-02T18:58:39Z,sensor_88,41.0875099,-81.6363869,20.9,73.8,129.4,1865.5
2024-09-19T10:40:49Z,sensor_97,38.9188879,-9.2928406,29.5,62.6,83.3,740.4
2024-08-19T07:46:43Z,sensor_3,26.6761327,31.4945887,14.0,88.5,57.1,1359.1
2025-02-26T07:59:40Z,sensor_7,54.026345,-7.297914,11.7,48.8,91.9,852.4
2024-08-25T16:38:36Z,sensor_23,47.5155739,40.8140313,27.8,39.4,9.5,521.4
2024-09-21T00:19:29Z,sensor_60,32.25124,35.26716,29.0,36.7,56.6,1425.2
2024-07-07T04:06:27Z,sensor_62,26.042443,110.6527,24.4,77.6,14.9,575.0
2025-05-23T03:02:31Z,sensor_1,4.625907,-75.761865,26.2,43.3,118.9,430.4
2025-01-01T15:29:34Z,sensor_6,48.4353479,-68.5537635,24.1,79.0,78.7,1184.9
2024-07-14T12:36:17Z,sensor_8,32.124929,35.309237,18.4,34.9,97.2,1671.9
2025-04-05T02:00:23Z,sensor_43,38.627867,114.506303,15.8,64.9,9.2,1552.2
2024-12-31T05:16:12Z,sensor_79,9.9046941,-83.6858571,18.6,70.2,18.7,535.0
2025-04-10T12:51:27Z,sensor_24,-20.6405825,-65.2070534,12.9,83.9,27.2,643.0
2024-11-23T11:27:10Z,sensor_11,40.72135,-75.393181,17.2,38.4,92.5,1531.0
2025-03-11T09:01:55Z,sensor_8,11.8816553,-15.6177942,14.3,51.0,109.7,1213.5
2025-03-05T14:30:19Z,sensor_83,30.900941,115.610077,26.0,88.6,75.9,1774.9
2025-04-18T04:00:03Z,sensor_31,-6.9707,111.3203,15.7,83.2,6.9,1218.0
2025-02-28T04:31:39Z,sensor_45,3.74973,-74.927732,10.3,46.5,89.7,1070.2
2024-07-16T19:56:11Z,sensor_21,8.9155547,-79.6754694,27.9,47.2,59.7,955.1
2025-05-09T12:14:17Z,sensor_51,37.444498,114.498761,26.0,38.1,96.9,1478.8
2024-06-15T13:38:40Z,sensor_42,-23.8431563,-47.7243139,19.9,34.4,29.2,503.6
2025-05-26T07:48:48Z,sensor_57,48.749354,2.480322,18.0,70.0,68.5,1818.4
2024-11-08T07:28:04Z,sensor_19,44.2327226,20.9791382,20.8,78.8,23.9,1164.7
2024-12-19T04:34:24Z,sensor_41,62.9197246,21.6323072,22.6,81.6,118.0,601.6
2024-08-17T09:00:41Z,sensor_3,43.7745094,16.8628891,14.3,44.1,144.1,1979.6
2024-07-02T05:19:49Z,sensor_81,-14.35266,-70.094963,20.9,64.3,42.4,557.1
2025-05-17T08:56:47Z,sensor_35,9.834321,-84.3368699,12.2,32.4,103.2,943.8
2025-02-27T16:51:48Z,sensor_93,58.0537462,27.0548658,18.8,88.0,122.0,1491.7
2024-08-06T20:20:04Z,sensor_10,31.95388,35.2998,20.1,49.3,56.0,1345.1
2025-04-18T04:56:54Z,sensor_51,-14.67278,-75.225304,22.6,53.9,64.1,1134.5
2024-12-11T11:59:55Z,sensor_86,14.5544751,-86.2901225,18.8,33.5,32.8,427.4
2025-03-15T21:23:54Z,sensor_37,37.2610694,67.3086236,12.8,34.7,16.4,548.2
2025-05-14T09:05:13Z,sensor_21,30.069954,103.109184,18.6,69.1,105.9,1386.3
2025-04-07T12:50:08Z,sensor_84,46.6275321,16.2176399,12.2,55.8,130.1,1060.8
2025-02-20T01:23:46Z,sensor_19,6.7509063,-11.367219,25.6,82.5,64.6,908.9
2024-11-16T06:08:15Z,sensor_50,39.873363,-4.0414005,12.2,77.1,63.6,1077.3
2024-08-09T06:33:40Z,sensor_55,18.158235,120.644135,29.6,44.2,115.8,1882.6
2024-09-04T22:38:24Z,sensor_20,13.5920158,122.320801,13.2,51.8,42.7,541.9
2025-01-15T07:08:30Z,sensor_90,-22.4101426,-47.5717516,12.3,89.6,72.5,701.0
2025-02-05T07:00:39Z,sensor_29,-31.6146073,-60.7152064,18.1,89.3,141.7,1529.9
2024-08-01T03:44:42Z,sensor_74,45.1838373,15.8065454,21.7,34.6,122.3,1961.3
2025-05-25T07:06:34Z,sensor_7,47.9122021,7.286872,11.0,85.3,83.6,1890.2
2025-04-18T15:38:52Z,sensor_72,56.0972538,40.1985263,18.5,51.1,124.8,1643.7
2024-07-09T13:06:22Z,sensor_90,43.61812,118.05545,14.1,61.2,69.1,1905.4
2025-05-12T12:03:37Z,sensor_66,-25.7677734,31.0242101,29.8,32.8,54.5,1576.2
2024-11-08T12:16:28Z,sensor_51,34.151624,109.323479,11.7,38.9,26.9,1247.4
2025-04-02T02:40:56Z,sensor_68,11.7447935,12.1818557,23.0,77.1,60.9,1306.2
2025-04-14T03:45:08Z,sensor_56,-20.7795586,165.2386673,21.0,51.5,79.3,1733.8
2025-04-01T12:26:48Z,sensor_68,33.8676555,130.8939207,15.2,65.8,120.2,451.0
2025-01-23T10:56:27Z,sensor_38,-28.3276327,-50.9289246,17.0,46.2,63.2,1507.8
2025-02-21T22:09:10Z,sensor_83,43.1564817,-80.1651854,15.1,56.3,28.6,1617.5
2024-12-30T05:11:11Z,sensor_81,52.7312889,27.4572059,21.9,73.3,43.6,1366.1
2024-08-21T04:40:59Z,sensor_37,4.9404212,15.8789403,26.7,45.9,40.2,1155.0
2024-06-16T21:08:15Z,sensor_40,45.922009,6.1266746,13.3,88.1,11.4,655.0
2024-07-08T11:15:40Z,sensor_18,49.7053582,18.6134596,22.0,49.1,19.8,434.9
2025-03-11T02:22:24Z,sensor_38,43.3959731,44.1971438,12.9,34.0,140.9,1663.3
2024-07-03T01:53:59Z,sensor_27,54.2195351,-4.4012575,24.1,78.7,107.4,1977.0
2024-12-15T15:58:38Z,sensor_47,-7.4873219,111.4156647,17.7,75.7,77.7,1622.4
2025-02-25T04:58:00Z,sensor_66,13.1314524,102.2104821,16.0,66.0,125.6,1669.9
2024-06-13T22:53:26Z,sensor_6,50.6856,-121.942,14.5,75.0,20.7,599.0
2025-02-13T02:48:11Z,sensor_5,59.3145841,18.0615388,12.0,62.9,80.8,640.5
2025-05-18T19:41:54Z,sensor_63,-7.6309189,110.1899844,26.8,74.4,67.3,860.4
2025-02-02T10:34:51Z,sensor_47,57.6491924,11.8884682,25.9,86.3,138.3,927.3
2024-10-23T00:00:03Z,sensor_52,31.487889,118.136378,27.3,44.7,25.2,1556.2
2024-06-14T10:11:08Z,sensor_60,42.8970535,-8.5418899,27.3,65.9,108.1,1771.5
2024-12-10T08:28:30Z,sensor_28,49.9481168,14.6774529,26.8,71.5,26.6,1752.1
2024-08-06T12:50:03Z,sensor_11,-53.772733,-67.738423,21.7,43.3,30.3,874.8
2024-06-06T13:29:42Z,sensor_33,44.985613,20.1568773,23.4,86.9,147.3,1652.7
2024-08-30T19:54:10Z,sensor_96,50.4252048,14.2604647,10.3,30.1,14.7,1349.5
2024-07-07T05:38:19Z,sensor_34,30.145729,120.589457,17.4,40.6,135.9,1584.1
2025-04-01T07:05:30Z,sensor_78,-8.0934,112.463,15.5,70.7,132.1,1968.5
2024-07-17T22:35:05Z,sensor_98,48.3696989,42.1773513,28.5,66.5,136.3,1456.2
2025-05-16T12:28:55Z,sensor_98,14.6539775,121.0288525,20.9,67.7,67.1,1110.4
2025-03-08T03:03:06Z,sensor_40,36.195409,113.116404,24.4,82.5,23.5,953.9
2025-04-09T17:47:18Z,sensor_29,16.7949714,-99.3883874,27.2,84.7,109.3,1215.3
2024-12-06T16:55:40Z,sensor_65,57.7194979,11.9142911,21.7,82.0,131.1,928.0
2025-03-14T02:35:28Z,sensor_48,23.736457,107.998149,11.6,89.2,113.0,1500.8
2024-07-28T07:35:33Z,sensor_13,15.4581332,36.4039629,24.0,69.4,36.9,817.2
2025-02-15T07:48:31Z,sensor_20,24.588267,115.415276,26.9,67.8,88.2,1995.6
2024-07-23T15:52:23Z,sensor_31,-2.982802,119.663002,21.8,43.7,28.8,608.6
2025-01-20T19:46:06Z,sensor_63,-12.7772947,-38.9211273,17.8,55.4,52.1,1555.8
2024-08-06T10:20:53Z,sensor_75,-25.1042007,-65.5381671,20.5,86.9,76.4,1223.8
2024-07-11T19:25:24Z,sensor_34,38.7035566,-7.7801629,24.3,67.2,64.8,1680.7
2024-11-18T02:17:31Z,sensor_24,34.481455,108.386208,12.0,45.6,94.2,1819.1
2024-08-15T23:27:35Z,sensor_23,49.3305085,6.0730865,19.9,82.6,49.9,1923.3
2025-05-20T20:46:02Z,sensor_1,49.3142554,15.3946577,22.0,61.6,4.3,1016.1
2025-02-13T14:23:00Z,sensor_2,17.0516148,-13.9114989,25.5,52.0,149.6,1052.5
2025-01-22T21:18:18Z,sensor_34,35.202503,102.521807,26.9,59.0,6.3,993.0
2024-09-28T12:16:42Z,sensor_94,9.3982268,16.3051766,13.0,83.0,76.8,1932.1
2024-11-06T12:05:26Z,sensor_8,30.41,19.57,14.2,62.7,97.6,1641.3
2025-02-15T08:07:42Z,sensor_88,6.7139748,6.3279244,20.3,32.4,128.0,1489.9
2024-06-03T11:47:13Z,sensor_58,36.266505,114.797389,15.4,63.6,44.9,1922.7
2025-01-29T02:03:20Z,sensor_91,30.3537023,31.2020516,27.7,74.8,113.3,1200.1
2024-11-08T00:43:19Z,sensor_64,25.274374,118.033863,16.5,37.9,2.1,1685.3
2024-10-24T16:13:23Z,sensor_37,11.7760619,124.8803623,24.3,53.9,6.5,1984.5
2024-12-01T17:52:13Z,sensor_72,-33.9789129,18.4483763,25.0,33.9,96.0,595.0
2025-05-05T21:44:19Z,sensor_27,30.610203,34.801898,20.6,49.8,39.0,1725.4
2024-08-28T12:34:19Z,sensor_17,16.5245838,121.5194596,14.4,31.6,94.1,1283.4
2024-09-22T09:11:01Z,sensor_91,49.9409133,21.9374619,15.8,71.3,123.1,1831.6
2024-09-15T06:50:54Z,sensor_9,53.4017676,19.5713895,10.2,63.5,115.4,544.8
2024-06-25T15:49:55Z,sensor_35,-4.203165,-69.935907,28.4,80.1,84.1,1127.9
2025-01-24T03:27:25Z,sensor_73,-18.9105687,47.8081645,20.0,88.6,62.2,842.7
2025-01-14T12:04:52Z,sensor_36,29.205856,117.11078,20.8,88.9,116.1,1043.8
2025-04-08T19:01:47Z,sensor_85,34.857149,118.07065,17.1,53.8,115.6,750.4
2024-10-02T15:02:41Z,sensor_16,9.453835,125.574534,28.4,71.6,138.9,1865.8
2025-04-14T02:29:59Z,sensor_77,7.1402468,40.7107871,15.6,72.6,120.4,1908.6
2025-05-11T08:44:36Z,sensor_60,15.8127,120.4557,11.9,45.3,76.5,552.6
2025-03-29T07:03:27Z,sensor_9,26.489558,119.549776,18.7,79.9,75.2,1338.6
2024-07-26T08:54:10Z,sensor_23,62.7184038,32.7414584,28.0,89.1,60.9,472.4
2025-03-11T17:09:23Z,sensor_45,31.25561,113.688941,11.9,85.5,59.5,1885.0
2025-01-04T19:27:25Z,sensor_42,38.7,21.466667,19.5,58.9,122.5,1722.7
2025-05-04T23:25:45Z,sensor_6,50.5799257,26.3216758,25.7,32.8,136.7,1141.3
2024-06-04T23:32:53Z,sensor_87,56.2995342,44.0013228,20.1,58.0,72.6,1939.0
2024-08-08T09:53:26Z,sensor_4,34.600701,108.722463,18.1,81.9,83.0,552.3
2025-05-12T11:23:35Z,sensor_90,59.5834589,11.1629005,13.5,67.1,31.8,589.0
2024-08-04T20:34:01Z,sensor_47,51.1981241,18.191303,17.3,35.8,82.0,1580.6
2024-09-23T05:01:30Z,sensor_48,13.8283312,121.1542759,13.9,76.0,91.7,1241.0
2024-07-01T14:44:45Z,sensor_84,-7.6535289,110.6749978,14.3,31.0,65.9,1526.0
2024-06-12T17:51:51Z,sensor_52,20.775698,-103.6951543,21.6,51.0,103.4,838.3
2024-12-16T09:36:44Z,sensor_49,49.794945,17.865273,20.5,50.1,11.5,407.9
2024-06-17T13:03:49Z,sensor_84,-34.6730937,-58.5501558,13.7,63.2,144.3,1105.4
2024-10-10T23:00:13Z,sensor_45,48.9957904,29.4397153,28.6,57.3,65.3,616.1
2024-12-25T11:59:15Z,sensor_62,-8.1779898,112.3278161,29.2,80.1,118.5,1559.5
2025-04-20T05:32:09Z,sensor_70,-8.7067624,121.067907,14.5,56.1,120.5,1251.9
2025-01-20T04:04:22Z,sensor_90,30.264139,122.226237,25.5,42.8,111.1,1181.1
2024-10-10T10:32:18Z,sensor_53,25.692699,117.847115,29.0,50.9,82.9,598.0
2024-06-16T13:09:12Z,sensor_63,21.2045417,72.839054,12.1,51.2,24.2,1517.6
2024-08-14T12:17:21Z,sensor_42,7.9877141,-10.8479688,28.1,68.9,16.2,882.5
2024-11-10T09:50:59Z,sensor_29,-7.70556,109.03083,17.9,36.3,91.1,1795.4
2024-07-18T05:56:25Z,sensor_90,7.8870586,98.3854869,14.1,81.0,110.3,1967.4
2025-01-11T21:06:33Z,sensor_13,38.8987281,-77.0336768,17.3,84.0,149.3,467.8
2024-11-08T22:29:17Z,sensor_43,48.9105576,2.3645084,20.6,48.1,50.8,1227.2
2024-11-14T04:13:39Z,sensor_62,24.1092009,117.1199596,28.7,75.2,42.5,1828.2
2024-10-23T05:07:10Z,sensor_48,-45.8802629,-67.5305258,17.2,74.7,92.1,1952.8
2024-07-23T11:05:20Z,sensor_31,13.4597697,44.0127731,27.1,72.2,59.5,1576.9
2024-06-23T10:20:13Z,sensor_22,48.6138851,14.2281446,29.0,54.7,94.5,961.4
2024-12-24T07:05:59Z,sensor_35,40.1872593,-7.5618071,12.9,86.2,8.3,961.5
2024-10-15T03:58:29Z,sensor_37,32.200585,120.549753,18.2,40.7,96.2,723.3
2025-01-07T13:33:37Z,sensor_66,38.6871727,-9.3264629,18.3,59.3,114.6,810.0
2024-06-21T22:30:25Z,sensor_3,-7.356466,108.207518,23.5,53.2,90.5,1373.6
2024-12-12T11:15:09Z,sensor_26,39.00366,117.710496,12.7,76.8,149.2,1262.5
2025-03-11T21:25:18Z,sensor_42,-34.4867748,-55.6287206,14.7,50.8,66.3,1374.7
2025-03-01T16:35:51Z,sensor_25,55.5449766,13.953453,13.5,82.1,13.0,1828.0
2024-09-10T17:06:12Z,sensor_15,32.19537,130.02554,27.2,37.0,24.0,1191.2
2025-03-19T05:44:38Z,sensor_72,25.1151759,121.515018,16.1,58.5,96.6,1184.3
2024-12-15T09:59:13Z,sensor_78,55.874736,26.536179,11.2,33.3,73.9,461.7
2025-01-25T20:40:55Z,sensor_71,13.5001159,-14.0144902,17.6,32.6,142.1,1776.0
2025-05-15T00:12:41Z,sensor_16,34.978856,103.712902,12.9,62.4,96.6,986.3
2024-10-01T10:02:56Z,sensor_96,47.3410322,1.1586866,12.9,52.2,41.0,1584.9
2024-09-19T01:49:58Z,sensor_62,8.5211284,126.121732,19.1,60.4,101.5,920.2
2024-10-09T11:31:48Z,sensor_69,14.7790314,-16.9638997,17.5,65.6,131.9,927.9
2025-02-22T15:29:48Z,sensor_29,12.8897363,100.9010416,17.9,77.0,61.2,780.6
2024-12-21T03:59:55Z,sensor_32,14.609579,120.993122,28.4,45.6,37.3,923.7
2025-04-16T02:27:04Z,sensor_44,-2.0983597,-79.6923047,18.4,43.8,82.2,581.6
2024-10-13T14:41:23Z,sensor_64,3.756455,116.750397,20.1,76.0,44.6,844.4
2024-10-26T16:30:58Z,sensor_15,39.193073,112.865891,17.0,70.4,3.5,1489.8
2024-09-03T05:52:21Z,sensor_62,8.427174,-76.787678,11.7,54.7,75.4,1738.1
2025-05-21T05:44:35Z,sensor_38,31.877958,34.739449,21.1,77.8,135.3,646.7
2025-02-18T03:17:41Z,sensor_44,24.7932832,68.3001994,20.8,82.9,120.0,705.2
2024-11-19T13:35:33Z,sensor_36,56.9154663,53.3224108,20.0,54.1,31.9,1539.0
2024-08-21T21:23:54Z,sensor_35,-10.1555651,-77.4397297,24.2,65.6,96.5,451.8
2024-07-09T08:50:56Z,sensor_86,39.3704516,22.9827384,29.6,33.9,10.1,1643.1
2025-05-06T23:45:51Z,sensor_2,26.5584469,128.07496,26.1,80.2,118.2,1274.9
2024-10-02T02:58:23Z,sensor_94,55.9840531,37.1619979,26.5,32.3,21.4,790.7
2024-06-24T20:16:42Z,sensor_100,39.817642,-75.5101999,25.5,44.9,22.9,927.6
2025-04-28T10:59:14Z,sensor_21,8.3796569,123.4261608,16.1,87.7,54.8,1072.6
2024-10-23T17:48:38Z,sensor_15,-27.581232,-58.7426968,17.1,50.8,115.5,684.6
2024-10-02T16:55:00Z,sensor_47,-7.7799,114.0783,18.6,31.1,75.3,614.6
2025-05-07T22:52:12Z,sensor_31,10.6253016,103.5233963,26.2,35.9,40.9,1808.6
2024-11-12T06:00:30Z,sensor_52,-7.384252,107.9591094,16.7,44.1,59.9,1586.5
2025-05-23T06:54:07Z,sensor_7,46.051126,125.961814,28.9,81.2,37.4,1476.3
2025-04-22T00:08:34Z,sensor_57,8.9494875,9.2480728,20.2,78.5,89.2,597.5
2024-07-23T18:15:47Z,sensor_63,-8.2824,120.4087,28.1,51.1,75.0,800.9
2025-03-26T04:16:47Z,sensor_97,32.27226,108.12624,10.3,80.5,21.8,1288.0
2024-07-12T09:04:24Z,sensor_82,69.64914,18.9605951,16.4,66.1,102.4,677.1
2025-02-08T18:42:50Z,sensor_3,9.3711,122.8405,13.8,40.9,107.9,1875.2
2024-12-28T16:18:16Z,sensor_7,11.1649599,124.3922901,17.0,60.8,67.3,1860.8
2024-12-06T12:50:36Z,sensor_49,13.7208503,-88.9365976,16.1,56.9,127.1,1197.8
2024-09-27T05:01:32Z,sensor_68,53.3004898,-6.2634596,11.7,70.9,22.4,1894.1
2025-04-27T10:28:18Z,sensor_32,48.5637949,23.0332798,27.6,89.6,98.7,669.6
2024-12-25T18:04:04Z,sensor_78,-8.1814,113.6917,14.5,47.3,98.6,1445.0
2025-05-18T06:21:08Z,sensor_95,4.5087894,101.0372376,27.5,54.2,73.3,990.6
2024-09-20T21:29:08Z,sensor_20,-20.1060273,-64.4126487,10.5,90.0,24.9,1744.9
2025-01-07T23:27:22Z,sensor_3,39.9163551,-7.4489531,17.8,64.9,14.0,420.8
2024-10-01T13:58:14Z,sensor_63,41.9924293,21.4298411,20.2,81.2,42.3,1086.0
2025-01-23T20:41:44Z,sensor_53,59.924735,30.3209555,21.2,55.3,64.5,1027.7
2024-10-05T11:23:14Z,sensor_81,34.92357,36.48598,12.0,78.1,56.9,1470.8
2024-07-22T19:43:12Z,sensor_25,9.4292297,-64.4674203,12.6,35.8,100.3,1730.0
2024-09-04T22:03:15Z,sensor_58,39.9754634,44.5273861,16.4,44.2,113.6,1343.8
2024-12-17T02:25:28Z,sensor_66,36.7683527,45.7337091,20.9,79.8,60.9,1148.5
2024-08-14T00:18:25Z,sensor_56,-16.0047799,-41.2815064,18.3,35.9,126.8,495.6
2024-09-20T08:54:56Z,sensor_85,-7.035591,109.8975853,13.2,85.5,123.4,1899.0
2024-12-21T21:33:34Z,sensor_50,18.934217,-70.4066437,20.8,77.6,115.3,1131.5
2025-05-20T18:24:35Z,sensor_54,39.9863563,-0.0513246,12.3,35.5,64.0,1572.1
2025-05-17T21:03:36Z,sensor_2,39.4477824,-9.014074,20.3,58.1,21.1,1355.0
2024-12-20T15:03:38Z,sensor_91,12.6114543,8.8803925,21.0,57.7,99.1,1085.4
2024-08-15T00:44:06Z,sensor_30,-8.3993683,118.2702036,28.6,49.6,7.3,952.0
2025-05-08T10:03:20Z,sensor_45,-8.681907,117.2440957,24.5,74.7,15.2,1861.3
2025-02-24T21:18:42Z,sensor_46,12.805294,120.8385372,28.4,80.8,139.5,1727.2
2025-01-23T17:48:54Z,sensor_96,62.0249648,27.2057857,17.6,64.9,48.2,1761.7
2025-04-26T20:02:23Z,sensor_3,7.5932558,122.7995493,11.0,33.5,70.3,429.7
2024-07-22T07:10:27Z,sensor_95,40.4159844,22.6037501,23.7,38.3,57.2,1361.1
2025-03-07T07:52:34Z,sensor_15,44.9878037,20.2567012,28.8,64.7,81.9,1796.3
2025-01-01T06:20:15Z,sensor_44,24.479833,118.089425,21.3,89.6,58.1,1707.3
2025-04-08T14:30:40Z,sensor_30,10.1671173,123.6152351,11.2,76.1,125.7,1219.6
2024-08-05T23:05:09Z,sensor_12,-31.413822,-64.485902,21.0,78.2,56.3,1108.2
2025-04-02T17:34:46Z,sensor_61,9.852371,-83.6143148,20.8,50.0,3.1,917.0
2024-10-27T22:38:16Z,sensor_50,-22.1588749,-43.2904739,10.6,51.5,40.8,1330.4
2024-08-23T13:01:00Z,sensor_74,28.7382793,69.1963258,19.3,59.2,53.7,1133.7
2025-05-17T08:24:11Z,sensor_4,42.8840931,-78.8724715,11.1,71.7,95.3,1786.6
2024-08-08T04:40:38Z,sensor_25,34.4274119,62.215754,11.3,84.4,126.1,885.3
2025-02-08T22:25:51Z,sensor_58,36.4062241,55.016269,27.3,68.3,50.9,425.5
2024-07-10T07:21:42Z,sensor_92,43.918776,125.2907021,15.8,45.1,47.5,1001.4
2024-08-02T12:11:01Z,sensor_95,37.1573835,21.5855686,16.4,52.9,1.8,1394.5
2024-07-07T16:20:33Z,sensor_50,48.5116663,-2.7393345,24.6,55.3,120.6,1900.9
2024-06-07T18:44:01Z,sensor_63,50.1544063,15.4602634,19.0,51.2,118.4,1077.4
2024-08-08T16:01:54Z,sensor_3,-1.4923925,-78.0024134,13.2,87.8,132.4,1918.0
2024-10-22T18:29:46Z,sensor_47,21.918725,111.053561,19.1,71.2,146.1,428.9
2024-11-14T06:22:10Z,sensor_94,14.5458392,121.0044883,10.7,57.1,65.0,1933.8
2024-06-05T06:51:48Z,sensor_89,43.1619639,45.1982495,24.6,52.9,98.7,1593.8
2024-11-10T13:06:46Z,sensor_18,37.9941289,23.8079057,23.1,56.4,3.6,1001.2
2024-12-26T04:46:59Z,sensor_68,8.5311099,-80.3463754,19.2,58.8,107.0,1822.3
2024-12-27T20:39:38Z,sensor_45,36.545015,104.138586,15.6,80.1,28.0,1433.3
2024-07-16T09:30:11Z,sensor_37,-6.372081,105.832298,14.5,53.2,84.1,781.4
2024-10-19T21:09:32Z,sensor_47,14.960458,120.755354,14.9,33.0,106.7,580.4
2024-10-31T17:59:31Z,sensor_99,59.5336088,18.0725818,26.8,89.0,23.7,1116.8
2024-12-14T02:11:53Z,sensor_77,-8.1233399,115.3389332,21.5,80.5,95.7,1426.9
2024-07-03T00:14:32Z,sensor_27,-24.8009137,-65.426487,23.8,33.9,50.4,1474.0
2024-10-14T03:54:31Z,sensor_20,31.5769405,72.4156898,27.0,82.5,43.0,1498.0
2024-06-25T07:08:14Z,sensor_100,5.9354963,-4.2230836,19.2,31.6,31.4,496.5
2025-05-25T17:07:09Z,sensor_26,50.0142619,20.096687,28.1,84.2,12.8,1705.4
2024-08-19T03:42:44Z,sensor_66,25.313443,117.279653,27.0,79.8,29.4,520.2
2024-06-27T07:33:11Z,sensor_4,46.8515406,40.3138699,28.9,55.4,89.9,1595.3
2024-12-27T08:42:01Z,sensor_91,-6.9028171,106.3483779,19.7,49.0,25.9,1819.4
2025-05-31T07:56:51Z,sensor_3,35.995654,119.410103,27.2,84.2,70.5,852.6
2024-08-06T04:31:13Z,sensor_44,26.641315,100.222545,25.0,52.3,117.2,1635.9
2024-08-02T10:00:34Z,sensor_83,49.5570923,20.4360031,22.0,74.8,86.4,1050.1
2025-04-04T22:44:39Z,sensor_21,-27.6856839,-48.7817857,14.1,60.7,137.3,1861.8
2024-11-11T11:06:01Z,sensor_20,-6.859269,107.4702845,12.8,38.6,49.5,888.6
2025-03-20T20:11:46Z,sensor_64,23.021478,113.121435,24.1,67.2,29.1,599.1
2025-01-24T23:03:46Z,sensor_6,31.123586,114.893666,12.4,66.5,57.6,815.6
2024-07-21T20:57:47Z,sensor_96,-10.7903678,123.1407761,28.6,87.1,63.8,1867.9
2024-11-21T10:44:09Z,sensor_89,39.9338165,69.5678329,12.5,86.4,78.7,1105.5
2024-11-27T12:12:57Z,sensor_35,49.2513639,22.6952648,17.5,60.0,102.1,689.0
2025-01-31T02:38:08Z,sensor_27,38.416663,112.734174,13.2,68.2,117.7,430.1
2024-10-25T23:57:47Z,sensor_14,-2.6382189,30.4674459,11.8,61.2,116.4,1322.9
2024-07-24T17:53:23Z,sensor_39,-3.1190275,-60.0217314,12.5,48.7,57.5,473.0
2024-07-18T08:33:23Z,sensor_15,40.2938995,45.1360148,23.5,63.3,100.5,1448.9
2025-01-14T15:59:38Z,sensor_50,10.9638707,8.3937532,25.8,75.6,98.6,1214.3
2025-05-03T08:39:42Z,sensor_92,35.1855659,33.3822764,12.8,54.6,17.4,1875.3
2024-12-30T21:18:24Z,sensor_77,38.8744567,-6.9786326,26.0,75.1,6.7,1088.0
2024-07-18T10:19:59Z,sensor_74,23.134752,111.546403,22.8,66.1,23.0,1281.9
2024-07-26T10:18:35Z,sensor_46,44.1372925,4.810107,17.2,85.9,106.9,1172.0
2024-12-08T05:16:14Z,sensor_34,50.8177069,15.7230035,16.3,37.7,139.6,1107.1
2024-12-07T17:06:31Z,sensor_18,54.5815949,54.5367341,23.0,51.0,134.5,1877.7
2024-10-04T08:12:23Z,sensor_48,-39.3681199,-72.6315127,29.1,82.5,143.6,1194.2
2024-06-30T09:35:15Z,sensor_72,48.6768262,14.5775257,14.3,78.1,0.2,1418.0
2025-04-01T20:31:17Z,sensor_7,56.3103675,38.1016955,22.6,45.0,48.5,1707.6
2024-12-03T23:30:44Z,sensor_94,11.0876868,11.207047,22.3,33.9,72.3,547.7
2025-01-22T04:29:12Z,sensor_68,16.9457374,102.5757028,12.0,68.0,3.0,885.4
2025-05-24T19:57:28Z,sensor_54,-0.789275,113.921327,24.7,43.0,87.4,760.4
2025-05-03T14:13:27Z,sensor_1,40.7182748,-7.9809124,20.9,81.6,125.3,583.0
2024-12-17T08:38:13Z,sensor_76,57.6893251,11.9388513,16.9,39.3,29.8,1695.9
2024-11-22T20:25:01Z,sensor_24,53.175543,21.296838,11.5,45.7,70.4,640.6
2025-01-17T02:11:01Z,sensor_52,-26.2304116,-65.2825779,12.2,75.6,145.3,1558.0
2025-04-29T23:16:11Z,sensor_66,38.7606468,-9.2647064,27.8,46.4,48.1,1412.8
2024-11-14T05:19:04Z,sensor_67,-8.51758,179.20094,13.5,55.9,112.7,961.7
2024-11-01T20:02:40Z,sensor_99,36.41667,95.73333,17.6,42.0,124.8,1796.5
2024-10-11T20:19:11Z,sensor_66,13.8359124,20.8433709,14.2,89.1,16.8,538.0
2025-05-16T07:50:54Z,sensor_65,9.823961,-84.927454,11.1,67.7,98.8,1237.5
2024-11-09T19:02:29Z,sensor_74,-2.3019472,-65.0008536,21.0,56.1,62.2,1004.8
2024-11-21T20:23:05Z,sensor_100,47.9318074,5.2893597,16.6,71.2,20.0,445.1
2025-04-05T22:29:06Z,sensor_83,13.2570942,-61.125756,19.9,59.0,54.7,854.3
2024-08-05T06:46:55Z,sensor_93,-22.4101426,-47.5717516,27.6,40.9,93.7,818.5
2025-01-17T23:09:36Z,sensor_6,15.0072129,120.7038246,26.2,44.1,77.3,1509.0
2025-04-24T04:54:06Z,sensor_65,-23.3233727,-46.7294577,12.1,72.7,6.9,1580.6
2025-01-24T01:06:45Z,sensor_7,4.0627144,-75.1285712,17.2,88.9,126.2,400.4
2025-05-02T07:19:24Z,sensor_91,12.0675239,123.7223625,22.9,64.8,29.6,796.9
2024-07-03T05:07:53Z,sensor_17,9.7076223,-68.4352835,18.0,43.9,34.8,657.7
2025-05-19T02:41:24Z,sensor_64,-13.65232,-41.843571,27.7,31.6,103.9,509.1
2025-03-10T03:21:55Z,sensor_33,39.8783781,116.0313067,14.3,72.7,67.0,994.5
2025-02-09T20:18:39Z,sensor_34,8.5681393,-70.3583879,24.1,85.2,120.2,1344.9
2025-01-31T10:06:03Z,sensor_9,32.990664,112.528308,28.8,36.9,4.5,1059.3
2024-11-05T15:43:29Z,sensor_67,-21.609128,166.2143471,20.7,60.9,13.7,599.7
2024-09-15T16:35:25Z,sensor_77,9.9785656,-63.2194183,17.7,56.4,28.0,707.4
2025-03-29T23:39:36Z,sensor_6,46.6693059,5.5466073,11.2,65.7,52.0,1298.9
2024-06-20T03:13:11Z,sensor_4,45.5423201,5.449605,10.6,75.1,15.2,1917.9
2024-09-08T01:18:14Z,sensor_14,31.176471,121.385339,21.1,33.9,104.7,428.3
