timestamp,source_port,destination_port,protocol,action,bytes_sent,bytes_received,threat_level
2025-07-02 11:41:00,26301,168,ICMP,DROP,2303,9997,MEDIUM
2025-07-02 11:14:16,46358,811,HTTP,DROP,2363,7853,CRITICAL
2025-07-02 11:10:46,41519,61,TCP,BLOCK,1486,2447,LOW
2025-07-02 10:51:21,8473,880,TCP,BLOCK,824,7131,MEDIUM
2025-07-02 11:34:05,65359,370,UDP,DROP,600,830,LOW
2025-07-02 10:55:13,38036,696,ICMP,DROP,4363,3898,LOW
2025-07-02 11:06:49,57191,427,TCP,ALLOW,696,4705,HIGH
2025-07-02 11:23:18,5368,960,HTTP,DROP,565,2546,MEDIUM
2025-07-02 11:03:23,14425,380,HTTPS,DROP,3212,2637,LOW
2025-07-02 11:28:33,26564,13,HTTPS,ALLOW,4963,5534,LOW
2025-07-02 10:52:29,31525,472,TCP,BLOCK,4448,7618,LOW
2025-07-02 11:39:42,36101,100,HTTP,BLOCK,706,8057,LOW
2025-07-02 11:15:52,63310,245,TCP,BLOCK,2040,2922,MEDIUM
2025-07-02 11:02:42,38351,125,HTTP,BLOCK,3295,3002,LOW
2025-07-02 11:14:20,50913,368,ICMP,BLOCK,3636,3805,LOW
2025-07-02 11:04:08,45875,347,UDP,DROP,345,6634,LOW
2025-07-02 11:14:42,47878,438,UDP,ALLOW,3442,7289,MEDIUM
2025-07-02 11:39:14,18603,499,HTTPS,ALLOW,3777,1391,LOW
2025-07-02 11:42:59,3670,362,TCP,DROP,4494,2417,LOW
2025-07-02 10:48:40,2767,835,HTTPS,DROP,4942,710,LOW
2025-07-02 11:25:01,9581,73,HTTPS,ALLOW,2392,3217,MEDIUM
2025-07-02 10:43:43,15445,818,ICMP,DROP,2423,9206,LOW
2025-07-02 11:17:14,46710,760,HTTPS,DROP,4147,2744,MEDIUM
2025-07-02 10:52:15,40040,778,TCP,ALLOW,3868,3669,MEDIUM
2025-07-02 11:39:24,58429,784,TCP,ALLOW,719,8513,LOW
2025-07-02 11:29:59,33300,926,UDP,DROP,4673,6553,MEDIUM
2025-07-02 11:10:07,36352,707,HTTPS,DROP,4265,1730,LOW
2025-07-02 11:19:29,64271,351,ICMP,BLOCK,3031,3758,LOW
2025-07-02 11:06:52,12668,757,HTTP,BLOCK,4437,5693,MEDIUM
2025-07-02 10:50:25,18899,82,ICMP,BLOCK,702,4428,HIGH
2025-07-02 11:08:50,31226,804,UDP,ALLOW,944,7374,LOW
2025-07-02 11:34:41,31007,169,UDP,ALLOW,3815,1936,HIGH
2025-07-02 10:45:12,12739,973,HTTPS,BLOCK,3055,1011,MEDIUM
2025-07-02 11:28:53,26688,643,HTTP,DROP,3217,5208,LOW
2025-07-02 11:20:39,18622,365,UDP,BLOCK,2555,4511,LOW
2025-07-02 11:39:35,35929,994,TCP,BLOCK,1331,8207,LOW
2025-07-02 11:04:49,42392,983,UDP,ALLOW,2059,1028,LOW
2025-07-02 10:43:17,48341,528,TCP,ALLOW,3743,5308,LOW
2025-07-02 11:08:23,14507,162,TCP,DROP,1415,3605,MEDIUM
2025-07-02 10:45:43,33944,377,TCP,BLOCK,2740,1196,LOW
2025-07-02 11:05:59,35041,352,ICMP,DROP,744,3152,LOW
2025-07-02 10:47:48,39305,436,HTTP,BLOCK,4205,9437,HIGH
2025-07-02 10:56:56,15050,298,HTTPS,ALLOW,2669,1466,LOW
2025-07-02 11:35:32,27022,579,TCP,DROP,2454,1218,MEDIUM
2025-07-02 11:11:03,50783,534,ICMP,ALLOW,3561,1647,LOW
2025-07-02 11:39:07,59428,747,HTTP,BLOCK,1139,6105,HIGH
2025-07-02 10:45:27,21079,523,HTTP,ALLOW,4119,5581,MEDIUM
2025-07-02 11:37:49,54569,760,ICMP,ALLOW,2381,6426,HIGH
2025-07-02 11:02:07,60438,860,ICMP,BLOCK,1509,6842,LOW
2025-07-02 11:36:33,62371,124,HTTPS,ALLOW,2211,5794,LOW
2025-07-02 10:50:15,15348,65,TCP,ALLOW,2975,1024,LOW
2025-07-02 11:11:55,62784,200,TCP,ALLOW,228,854,HIGH
2025-07-02 11:22:06,7087,775,HTTPS,ALLOW,1076,626,LOW
2025-07-02 11:19:18,22605,621,UDP,DROP,3812,8337,HIGH
2025-07-02 11:28:26,7610,89,HTTPS,DROP,1313,8141,LOW
2025-07-02 11:42:51,1619,824,ICMP,ALLOW,4202,5759,LOW
2025-07-02 11:21:43,50931,190,HTTPS,DROP,2142,6206,LOW
2025-07-02 11:16:39,1565,16,ICMP,ALLOW,1634,5234,LOW
2025-07-02 11:20:55,61147,345,TCP,DROP,4543,8103,MEDIUM
2025-07-02 11:19:26,13775,842,TCP,ALLOW,2023,2599,LOW
2025-07-02 11:16:22,36835,988,HTTP,BLOCK,4156,2413,LOW
2025-07-02 10:58:09,31289,310,UDP,DROP,2122,4157,HIGH
2025-07-02 10:43:02,60116,366,HTTP,BLOCK,254,339,LOW
2025-07-02 11:23:10,28064,159,HTTP,DROP,27,4127,MEDIUM
2025-07-02 11:27:15,16100,53,UDP,DROP,3111,8080,LOW
2025-07-02 11:29:21,20866,475,TCP,BLOCK,4711,7331,LOW
2025-07-02 11:36:13,58948,245,UDP,BLOCK,525,9052,LOW
2025-07-02 11:37:40,47297,699,TCP,BLOCK,3362,3713,LOW
2025-07-02 10:48:11,9481,488,UDP,ALLOW,4920,2637,MEDIUM
2025-07-02 11:35:32,2882,253,UDP,ALLOW,1351,7053,LOW
2025-07-02 11:23:51,27712,761,UDP,DROP,1195,6417,MEDIUM
2025-07-02 10:43:02,49178,102,HTTP,BLOCK,4425,9939,HIGH
2025-07-02 11:06:29,28154,313,HTTPS,ALLOW,1462,7695,LOW
2025-07-02 11:28:50,46641,267,HTTP,BLOCK,3240,641,MEDIUM
2025-07-02 10:49:10,31719,156,UDP,BLOCK,2959,1924,MEDIUM
2025-07-02 11:22:05,18447,930,UDP,ALLOW,2775,3970,LOW
2025-07-02 10:47:54,56151,406,UDP,BLOCK,1511,5389,CRITICAL
2025-07-02 10:49:02,54977,67,TCP,DROP,2001,5585,LOW
2025-07-02 11:32:04,36623,859,UDP,ALLOW,4792,7917,LOW
2025-07-02 10:57:55,54723,222,UDP,BLOCK,715,8719,MEDIUM
2025-07-02 10:53:35,31724,604,UDP,DROP,1315,4704,MEDIUM
2025-07-02 10:57:24,5769,943,TCP,ALLOW,3743,2335,LOW
2025-07-02 10:51:49,36910,470,ICMP,BLOCK,4551,8802,LOW
2025-07-02 11:00:35,45203,348,TCP,BLOCK,4261,8291,LOW
2025-07-02 10:43:07,51719,565,HTTPS,BLOCK,892,6216,LOW
2025-07-02 10:53:54,32104,543,UDP,BLOCK,4132,2986,LOW
2025-07-02 11:11:23,1314,997,UDP,DROP,2975,5230,LOW
2025-07-02 11:14:18,21460,762,UDP,ALLOW,4399,7705,LOW
2025-07-02 11:02:37,26665,138,HTTPS,BLOCK,4742,2967,LOW
2025-07-02 11:02:29,51021,66,ICMP,BLOCK,158,974,HIGH
2025-07-02 10:52:58,19398,48,HTTP,BLOCK,4044,8153,LOW
2025-07-02 10:45:23,62725,402,ICMP,DROP,1321,7346,LOW
2025-07-02 11:24:43,3523,637,UDP,ALLOW,1283,8405,LOW
2025-07-02 11:10:12,11309,30,TCP,ALLOW,823,3605,LOW
2025-07-02 10:51:31,48776,167,HTTPS,DROP,2534,5707,LOW
2025-07-02 11:07:05,62580,268,HTTPS,BLOCK,4827,7186,LOW
2025-07-02 11:02:26,18695,262,HTTP,DROP,3380,298,HIGH
2025-07-02 11:30:54,44702,265,ICMP,DROP,4904,9114,LOW
2025-07-02 10:59:29,21618,666,UDP,ALLOW,2280,2346,LOW
2025-07-02 11:31:34,13468,831,HTTP,ALLOW,4959,7817,MEDIUM
2025-07-02 11:11:09,22243,601,HTTPS,ALLOW,2090,4740,MEDIUM
2025-07-02 11:00:57,32847,1022,HTTPS,ALLOW,3988,3381,LOW
2025-07-02 10:52:33,62072,621,HTTPS,BLOCK,2301,5844,LOW
2025-07-02 10:56:28,24977,555,ICMP,BLOCK,1039,5753,LOW
2025-07-02 11:42:02,11935,345,TCP,ALLOW,1992,1279,LOW
2025-07-02 11:32:55,19405,39,TCP,ALLOW,84,8742,LOW
2025-07-02 11:07:54,15445,205,UDP,DROP,297,8655,MEDIUM
2025-07-02 11:15:45,41997,463,HTTP,DROP,1573,8966,MEDIUM
2025-07-02 11:22:53,51847,867,ICMP,ALLOW,2792,142,LOW
2025-07-02 11:22:48,1480,88,TCP,BLOCK,3201,2014,LOW
2025-07-02 10:52:57,46365,505,UDP,ALLOW,1524,3593,HIGH
2025-07-02 11:07:32,57279,414,TCP,DROP,4006,3105,LOW
2025-07-02 11:37:25,36189,383,HTTP,BLOCK,3761,1467,LOW
2025-07-02 11:13:34,57229,294,HTTP,BLOCK,748,2069,LOW
2025-07-02 11:31:06,27224,99,ICMP,DROP,2386,8495,MEDIUM
2025-07-02 10:58:04,24617,15,HTTPS,DROP,570,6512,LOW
2025-07-02 10:43:36,41655,938,ICMP,BLOCK,3905,8204,LOW
2025-07-02 11:18:47,25704,1002,HTTP,ALLOW,2321,7495,LOW
2025-07-02 11:16:15,46038,202,UDP,DROP,429,7734,LOW
2025-07-02 11:03:57,60689,327,TCP,BLOCK,1592,923,MEDIUM
2025-07-02 11:19:12,40621,927,UDP,BLOCK,2990,9463,HIGH
2025-07-02 10:45:43,9943,279,TCP,DROP,2380,666,HIGH
2025-07-02 11:19:37,21436,124,UDP,ALLOW,4849,4807,HIGH
2025-07-02 10:49:50,5682,537,HTTP,ALLOW,749,3817,MEDIUM
2025-07-02 11:32:51,34730,925,ICMP,BLOCK,946,24,MEDIUM
2025-07-02 11:40:29,1928,401,HTTP,DROP,2738,3014,MEDIUM
2025-07-02 11:23:10,51590,354,ICMP,DROP,1102,2292,LOW
2025-07-02 11:34:31,58609,69,ICMP,BLOCK,3265,3338,LOW
2025-07-02 11:39:05,24130,786,UDP,BLOCK,516,6645,LOW
2025-07-02 11:40:58,47398,212,HTTP,BLOCK,2239,643,LOW
2025-07-02 11:07:52,23701,638,HTTP,DROP,4633,6373,LOW
2025-07-02 11:42:45,1437,742,ICMP,BLOCK,4250,1361,HIGH
2025-07-02 11:23:43,45354,494,UDP,BLOCK,4442,1935,LOW
2025-07-02 11:10:54,54186,809,HTTP,ALLOW,4086,1446,LOW
2025-07-02 11:08:04,3206,254,ICMP,DROP,3539,9662,MEDIUM
2025-07-02 11:03:17,5304,860,HTTPS,DROP,291,9786,HIGH
2025-07-02 10:53:26,23426,495,ICMP,DROP,2470,9493,LOW
2025-07-02 10:56:40,58736,1021,HTTP,BLOCK,713,2095,LOW
2025-07-02 11:42:51,54538,841,UDP,ALLOW,1727,866,MEDIUM
2025-07-02 11:28:28,46286,234,UDP,DROP,3721,7322,LOW
2025-07-02 11:09:28,61202,76,HTTPS,DROP,2797,7934,LOW
2025-07-02 11:09:17,9131,416,UDP,DROP,3817,4858,MEDIUM
2025-07-02 11:13:44,60146,18,HTTP,DROP,3666,2080,LOW
2025-07-02 10:49:38,28919,71,UDP,DROP,3332,6062,LOW
2025-07-02 11:26:28,24403,809,ICMP,ALLOW,3820,2661,MEDIUM
2025-07-02 10:48:43,4431,222,UDP,BLOCK,240,1452,LOW
2025-07-02 11:28:53,5664,949,HTTP,BLOCK,4017,6463,LOW
2025-07-02 10:45:31,55296,822,HTTPS,BLOCK,795,3684,LOW
2025-07-02 11:15:48,2742,43,TCP,ALLOW,4944,1396,LOW
2025-07-02 10:56:21,13764,295,ICMP,BLOCK,900,2949,MEDIUM
2025-07-02 10:53:52,4624,555,UDP,ALLOW,2902,2435,MEDIUM
2025-07-02 11:40:55,27222,155,HTTP,DROP,1533,1876,LOW
2025-07-02 11:29:17,34330,947,HTTP,BLOCK,1477,7677,LOW
2025-07-02 11:40:42,30922,34,UDP,BLOCK,72,3576,LOW
2025-07-02 10:56:42,48266,361,UDP,DROP,4615,3581,LOW
2025-07-02 11:19:11,45145,35,TCP,BLOCK,2610,2441,MEDIUM
2025-07-02 11:40:25,18938,314,TCP,DROP,4467,219,MEDIUM
2025-07-02 11:13:15,41639,441,HTTPS,BLOCK,4242,8103,LOW
2025-07-02 11:02:12,57879,658,TCP,DROP,3676,4195,LOW
2025-07-02 11:25:17,19103,583,UDP,BLOCK,1079,3670,CRITICAL
2025-07-02 10:59:22,38364,837,HTTP,ALLOW,4612,4955,LOW
2025-07-02 10:50:04,11272,188,UDP,ALLOW,2123,7716,LOW
2025-07-02 11:26:38,29078,87,HTTP,ALLOW,1216,478,HIGH
2025-07-02 11:10:48,3583,853,HTTP,ALLOW,2081,6932,LOW
2025-07-02 10:50:38,19048,8,ICMP,DROP,3555,5868,MEDIUM
2025-07-02 10:56:14,64068,50,HTTPS,BLOCK,3713,3592,MEDIUM
2025-07-02 10:53:08,44750,706,TCP,DROP,75,9209,MEDIUM
2025-07-02 11:25:22,32391,298,HTTPS,ALLOW,3509,6804,HIGH
2025-07-02 10:47:01,12452,663,TCP,ALLOW,4046,4103,MEDIUM
2025-07-02 11:07:05,27027,445,TCP,ALLOW,1473,556,LOW
2025-07-02 11:15:58,1830,53,UDP,BLOCK,3253,8949,MEDIUM
2025-07-02 11:19:22,9787,69,HTTP,DROP,1574,1370,LOW
2025-07-02 11:40:13,7527,961,ICMP,ALLOW,3460,4494,LOW
2025-07-02 11:18:38,29455,110,UDP,ALLOW,1930,9923,LOW
2025-07-02 11:26:43,49875,297,HTTP,DROP,2325,2916,LOW
2025-07-02 11:13:17,16233,518,ICMP,BLOCK,3962,5526,HIGH
2025-07-02 11:41:38,54314,517,TCP,BLOCK,4657,5620,LOW
2025-07-02 11:32:22,19465,267,TCP,DROP,1529,5103,MEDIUM
2025-07-02 11:42:53,44218,967,UDP,ALLOW,2714,3431,LOW
2025-07-02 10:56:32,55276,263,HTTPS,BLOCK,3598,9097,LOW
2025-07-02 11:36:42,18905,580,HTTP,BLOCK,2727,7246,MEDIUM
2025-07-02 11:09:31,50551,470,HTTPS,ALLOW,418,5678,MEDIUM
2025-07-02 11:31:10,6283,117,ICMP,DROP,2005,4292,LOW
2025-07-02 11:02:49,37228,185,ICMP,DROP,3688,4170,LOW
2025-07-02 10:53:36,6499,423,ICMP,BLOCK,4413,4211,LOW
2025-07-02 11:28:51,12960,374,HTTP,DROP,1638,6136,LOW
2025-07-02 11:06:05,49380,869,HTTP,DROP,3513,6821,LOW
2025-07-02 11:18:18,56210,798,TCP,DROP,4777,5937,LOW
2025-07-02 11:26:32,34671,331,HTTP,DROP,83,862,LOW
2025-07-02 11:07:56,9741,447,TCP,ALLOW,3944,5837,LOW
2025-07-02 11:36:04,39097,400,HTTPS,BLOCK,2172,7035,MEDIUM
2025-07-02 11:25:51,51242,931,ICMP,ALLOW,4801,3073,MEDIUM
2025-07-02 10:47:43,33811,690,UDP,DROP,794,418,HIGH
2025-07-02 10:44:34,33911,926,UDP,BLOCK,3381,5537,LOW
2025-07-02 11:32:12,55836,977,HTTPS,BLOCK,4298,3132,LOW
2025-07-02 10:49:06,27931,800,ICMP,BLOCK,3383,3454,LOW
2025-07-02 11:40:54,34795,374,ICMP,DROP,2595,9534,LOW
2025-07-02 11:16:37,44525,918,TCP,ALLOW,2472,3550,LOW
2025-07-02 11:08:38,52199,771,HTTP,BLOCK,4793,2483,LOW
2025-07-02 10:43:09,30922,722,UDP,DROP,1202,3964,LOW
2025-07-02 11:34:17,47544,850,ICMP,DROP,3228,1329,LOW
2025-07-02 11:40:53,26415,821,UDP,BLOCK,3514,5163,MEDIUM
2025-07-02 11:33:39,41146,915,HTTP,BLOCK,1772,5181,MEDIUM
2025-07-02 11:11:59,42368,172,HTTP,DROP,3460,9310,LOW
2025-07-02 11:05:19,30282,257,UDP,DROP,3961,4183,CRITICAL
2025-07-02 11:33:39,27691,820,TCP,BLOCK,3291,1577,MEDIUM
2025-07-02 10:48:49,5274,300,UDP,BLOCK,3712,9168,LOW
2025-07-02 10:49:14,33981,524,HTTP,ALLOW,1811,5598,LOW
2025-07-02 11:29:15,12704,176,TCP,BLOCK,1335,1812,HIGH
2025-07-02 11:30:01,22174,621,UDP,ALLOW,181,6330,LOW
2025-07-02 11:19:08,28801,564,TCP,BLOCK,3120,3039,LOW
2025-07-02 11:27:54,13626,461,UDP,ALLOW,1587,591,MEDIUM
2025-07-02 10:53:33,47716,989,HTTP,ALLOW,1571,4557,MEDIUM
2025-07-02 11:16:36,43799,547,UDP,ALLOW,2879,33,MEDIUM
2025-07-02 11:15:30,37649,162,HTTP,BLOCK,4123,8825,MEDIUM
2025-07-02 11:05:43,41981,705,HTTPS,BLOCK,4955,3558,LOW
2025-07-02 11:25:09,22775,178,ICMP,DROP,2647,8215,LOW
2025-07-02 11:33:08,26513,41,UDP,ALLOW,3727,4994,LOW
2025-07-02 11:15:52,42202,733,TCP,ALLOW,4227,6906,LOW
2025-07-02 11:03:15,13716,112,HTTPS,BLOCK,1889,2300,LOW
2025-07-02 11:03:32,61211,854,TCP,BLOCK,1198,4906,LOW
2025-07-02 10:59:28,9087,689,UDP,BLOCK,1063,7556,LOW
2025-07-02 11:15:18,26199,627,TCP,BLOCK,1031,8932,HIGH
2025-07-02 10:47:44,11575,209,TCP,ALLOW,1773,7655,CRITICAL
2025-07-02 11:07:07,35578,346,HTTPS,ALLOW,185,1376,MEDIUM
2025-07-02 11:37:54,2010,930,ICMP,BLOCK,1223,8528,LOW
2025-07-02 11:32:49,21033,369,HTTP,ALLOW,431,4425,CRITICAL
2025-07-02 11:10:50,58420,681,ICMP,BLOCK,2548,1256,LOW
2025-07-02 11:08:34,26221,908,TCP,ALLOW,4821,6751,MEDIUM
2025-07-02 11:06:29,1980,368,HTTPS,DROP,3738,4260,LOW
2025-07-02 11:24:07,63092,53,ICMP,BLOCK,736,167,LOW
2025-07-02 11:11:04,31204,682,HTTPS,DROP,2365,6737,LOW
2025-07-02 11:16:58,14244,441,HTTPS,ALLOW,2394,1511,LOW
2025-07-02 11:29:43,18562,896,UDP,DROP,36,6440,HIGH
2025-07-02 11:01:48,47747,994,ICMP,DROP,2429,1001,LOW
2025-07-02 11:13:26,48242,244,HTTP,DROP,1668,5573,LOW
2025-07-02 11:11:18,49330,316,UDP,ALLOW,1348,5673,LOW
2025-07-02 11:31:41,52514,205,HTTP,BLOCK,1255,4492,MEDIUM
2025-07-02 11:07:55,30786,684,UDP,DROP,1487,2404,CRITICAL
2025-07-02 10:56:24,22051,222,ICMP,ALLOW,3175,8683,LOW
2025-07-02 11:09:15,32144,518,ICMP,ALLOW,2919,6625,LOW
2025-07-02 10:53:51,50873,530,HTTPS,BLOCK,560,8676,MEDIUM
2025-07-02 11:29:40,11766,163,ICMP,BLOCK,1405,1365,LOW
2025-07-02 10:43:44,63255,372,HTTP,ALLOW,4194,7967,MEDIUM
2025-07-02 10:51:02,38917,974,TCP,BLOCK,2880,1883,HIGH
2025-07-02 11:03:41,41890,721,TCP,ALLOW,627,856,LOW
2025-07-02 11:19:02,45758,256,HTTP,ALLOW,1194,5371,HIGH
2025-07-02 11:02:29,23312,698,HTTP,DROP,448,1829,LOW
2025-07-02 10:45:32,22798,154,HTTPS,DROP,919,1186,LOW
2025-07-02 11:41:00,37300,206,ICMP,ALLOW,2797,6732,LOW
2025-07-02 10:50:33,18139,8,HTTPS,BLOCK,4060,6085,LOW
2025-07-02 11:01:07,39879,7,HTTP,DROP,946,6677,HIGH
2025-07-02 11:10:29,12354,420,UDP,DROP,4165,7697,HIGH
2025-07-02 10:54:48,5802,49,UDP,DROP,1237,6230,LOW
2025-07-02 11:28:46,6323,369,ICMP,DROP,3273,6736,LOW
2025-07-02 11:15:44,48196,530,UDP,DROP,912,7686,MEDIUM
2025-07-02 11:08:57,1372,184,TCP,BLOCK,3767,978,CRITICAL
2025-07-02 11:21:08,25997,899,HTTP,BLOCK,3937,2738,LOW
2025-07-02 11:33:02,23127,668,UDP,ALLOW,2142,2332,HIGH
2025-07-02 11:01:47,22029,732,TCP,BLOCK,452,1996,LOW
2025-07-02 10:59:13,10937,754,HTTPS,BLOCK,4295,5508,MEDIUM
2025-07-02 11:05:30,42331,678,HTTP,DROP,1823,8203,LOW
2025-07-02 10:52:05,58803,569,HTTP,BLOCK,3,1365,LOW
2025-07-02 10:48:02,27328,237,ICMP,BLOCK,3997,1726,HIGH
2025-07-02 11:06:54,6344,207,ICMP,ALLOW,2828,699,MEDIUM
2025-07-02 11:24:55,44383,945,TCP,ALLOW,4328,3322,MEDIUM
2025-07-02 11:39:08,20592,787,ICMP,DROP,4256,7778,HIGH
2025-07-02 11:40:00,35146,408,TCP,BLOCK,4712,787,LOW
2025-07-02 10:54:49,49474,389,UDP,DROP,1282,3987,MEDIUM
2025-07-02 11:27:25,25849,753,UDP,BLOCK,442,1250,MEDIUM
2025-07-02 11:24:20,30155,70,UDP,DROP,1320,7123,HIGH
2025-07-02 10:46:16,24802,603,ICMP,DROP,1088,8180,LOW
2025-07-02 10:59:31,18044,337,HTTPS,ALLOW,3128,8175,HIGH
2025-07-02 11:20:21,26888,391,HTTPS,BLOCK,2169,1830,LOW
2025-07-02 11:19:56,5514,263,ICMP,ALLOW,756,5622,HIGH
2025-07-02 11:01:42,21641,970,ICMP,ALLOW,3940,9978,HIGH
2025-07-02 10:43:22,13676,861,HTTP,ALLOW,3599,421,LOW
2025-07-02 11:06:28,52861,139,HTTP,ALLOW,447,3338,LOW
2025-07-02 11:35:27,30175,931,UDP,DROP,2320,1121,MEDIUM
2025-07-02 11:03:44,40940,950,HTTP,DROP,4499,7312,LOW
2025-07-02 10:47:44,40760,902,HTTPS,DROP,32,1080,MEDIUM
2025-07-02 10:58:47,35837,767,TCP,ALLOW,1607,4326,LOW
2025-07-02 11:33:44,42917,72,TCP,ALLOW,883,8558,LOW
2025-07-02 11:11:01,26650,745,HTTPS,BLOCK,1830,8477,MEDIUM
2025-07-02 11:21:44,25541,645,UDP,BLOCK,4381,6674,LOW
2025-07-02 11:22:19,33390,437,HTTPS,DROP,2463,9610,LOW
2025-07-02 11:07:51,31619,570,ICMP,DROP,4974,6627,LOW
2025-07-02 11:11:37,19525,808,ICMP,ALLOW,3827,6531,LOW
2025-07-02 10:51:15,60920,137,TCP,DROP,3772,1029,LOW
2025-07-02 11:10:16,13278,858,HTTP,DROP,1113,8489,LOW
2025-07-02 10:55:38,15007,145,HTTP,ALLOW,2563,4914,MEDIUM
2025-07-02 11:35:26,3789,461,HTTPS,ALLOW,3122,2260,LOW
2025-07-02 10:59:19,44689,6,ICMP,DROP,4425,4482,LOW
2025-07-02 11:31:45,48729,691,ICMP,BLOCK,3488,6248,MEDIUM
2025-07-02 10:48:48,40501,541,ICMP,ALLOW,1051,8568,LOW
2025-07-02 11:39:28,58078,263,TCP,ALLOW,1694,8453,LOW
2025-07-02 10:53:54,29802,387,UDP,BLOCK,4564,5350,CRITICAL
2025-07-02 11:02:14,9501,332,HTTPS,BLOCK,1908,8252,LOW
2025-07-02 11:28:08,53931,671,HTTPS,BLOCK,2547,8685,LOW
2025-07-02 11:09:44,9619,198,TCP,DROP,3295,44,MEDIUM
2025-07-02 10:46:08,51321,622,UDP,ALLOW,609,3261,LOW
2025-07-02 11:22:38,46530,431,HTTP,ALLOW,864,2041,MEDIUM
2025-07-02 11:23:51,32194,270,UDP,ALLOW,836,5977,CRITICAL
2025-07-02 10:46:49,64476,769,HTTP,BLOCK,1721,2627,MEDIUM
2025-07-02 11:18:39,2864,357,HTTPS,ALLOW,3945,6947,MEDIUM
2025-07-02 10:51:12,45539,622,HTTPS,DROP,4170,2477,LOW
2025-07-02 11:35:36,39711,827,ICMP,ALLOW,1914,7011,HIGH
2025-07-02 11:13:52,3569,928,HTTPS,BLOCK,674,3851,LOW
2025-07-02 11:42:50,42415,573,HTTP,ALLOW,3924,1240,MEDIUM
2025-07-02 11:22:07,10963,973,ICMP,ALLOW,4115,3021,MEDIUM
2025-07-02 11:25:05,18875,57,ICMP,DROP,3711,5654,LOW
2025-07-02 11:11:59,10405,298,HTTP,DROP,4658,8540,LOW
2025-07-02 11:16:20,12675,787,TCP,ALLOW,818,3228,LOW
2025-07-02 11:32:08,5818,260,TCP,BLOCK,629,2381,LOW
2025-07-02 11:34:54,46490,613,UDP,ALLOW,4168,9070,HIGH
2025-07-02 11:09:01,59645,428,TCP,BLOCK,4241,3068,MEDIUM
2025-07-02 10:53:46,24293,719,UDP,DROP,764,8007,MEDIUM
2025-07-02 11:15:32,31091,599,HTTP,ALLOW,3714,4679,LOW
2025-07-02 10:53:53,63545,175,ICMP,ALLOW,3040,6736,LOW
2025-07-02 11:06:56,3651,224,TCP,BLOCK,840,7210,HIGH
2025-07-02 11:15:44,13127,569,ICMP,BLOCK,2398,3279,LOW
2025-07-02 10:56:34,55536,870,ICMP,DROP,4622,3344,LOW
2025-07-02 11:14:03,38268,521,ICMP,ALLOW,4356,1605,MEDIUM
2025-07-02 11:27:02,46961,541,UDP,DROP,4429,3325,MEDIUM
2025-07-02 10:53:24,14833,949,HTTPS,DROP,2851,3400,LOW
2025-07-02 11:05:07,43237,461,HTTP,DROP,2064,3534,MEDIUM
2025-07-02 11:03:28,61218,121,TCP,BLOCK,4393,2470,HIGH
2025-07-02 10:43:03,47371,980,HTTP,BLOCK,3625,273,LOW
2025-07-02 11:00:47,20291,838,ICMP,DROP,2880,640,HIGH
2025-07-02 10:47:34,3037,212,HTTPS,DROP,1597,4600,LOW
2025-07-02 11:41:56,57702,38,TCP,DROP,213,270,LOW
2025-07-02 11:40:53,32822,708,TCP,ALLOW,626,5019,MEDIUM
2025-07-02 11:22:26,19219,425,HTTP,DROP,4742,7603,MEDIUM
2025-07-02 11:35:40,61239,353,TCP,BLOCK,4821,8870,CRITICAL
2025-07-02 11:40:30,3481,898,ICMP,ALLOW,4947,7887,MEDIUM
2025-07-02 10:55:09,30659,236,TCP,ALLOW,1778,9065,LOW
2025-07-02 11:05:09,27739,887,HTTPS,BLOCK,1060,2976,LOW
2025-07-02 10:58:54,9058,649,UDP,ALLOW,1139,4841,LOW
2025-07-02 10:44:12,40150,300,UDP,ALLOW,1794,6178,LOW
2025-07-02 11:04:47,61718,667,TCP,DROP,4384,7547,LOW
2025-07-02 10:55:28,9117,409,UDP,DROP,2757,9496,MEDIUM
2025-07-02 11:28:56,42751,535,HTTPS,ALLOW,4631,4149,LOW
2025-07-02 11:11:06,21045,657,HTTPS,ALLOW,1950,9086,HIGH
2025-07-02 10:51:25,15374,721,ICMP,BLOCK,3849,3231,LOW
2025-07-02 11:42:42,56632,1015,UDP,DROP,466,22,LOW
2025-07-02 10:54:51,12970,956,HTTPS,ALLOW,1161,5481,MEDIUM
2025-07-02 11:04:05,43291,290,HTTP,BLOCK,4120,9534,LOW
2025-07-02 11:29:00,1698,183,TCP,ALLOW,3448,1527,LOW
2025-07-02 11:20:34,27389,701,UDP,BLOCK,2208,504,MEDIUM
2025-07-02 10:50:14,58526,744,HTTPS,DROP,1125,3010,LOW
2025-07-02 10:59:10,4654,722,UDP,DROP,3007,8367,MEDIUM
2025-07-02 11:39:24,59964,311,TCP,DROP,827,2935,LOW
2025-07-02 11:26:13,7579,97,HTTPS,BLOCK,36,3998,MEDIUM
2025-07-02 11:16:18,19185,188,TCP,DROP,4182,9483,MEDIUM
2025-07-02 11:04:12,62091,210,TCP,ALLOW,1723,8420,LOW
2025-07-02 10:49:24,24515,598,ICMP,ALLOW,4615,9092,LOW
2025-07-02 11:07:11,41370,537,TCP,ALLOW,4913,5863,LOW
2025-07-02 11:14:57,60924,592,HTTPS,BLOCK,4839,9722,LOW
2025-07-02 10:58:49,63979,214,HTTP,BLOCK,4519,4067,LOW
2025-07-02 11:02:05,45918,921,UDP,BLOCK,3969,4869,MEDIUM
2025-07-02 11:16:29,21047,1024,ICMP,DROP,222,9254,MEDIUM
2025-07-02 11:02:17,42291,48,HTTPS,DROP,4285,4893,MEDIUM
2025-07-02 10:43:12,19071,65,UDP,DROP,1336,4001,LOW
2025-07-02 11:21:50,50791,1007,UDP,DROP,2322,5149,LOW
2025-07-02 11:23:50,31387,410,TCP,BLOCK,3179,5730,LOW
2025-07-02 11:27:40,15513,802,HTTP,ALLOW,4590,9938,MEDIUM
2025-07-02 10:45:54,49655,692,UDP,DROP,1605,7496,LOW
2025-07-02 11:03:53,44984,906,HTTP,DROP,2877,1782,MEDIUM
2025-07-02 11:42:34,21561,183,ICMP,ALLOW,1170,6132,LOW
2025-07-02 11:40:15,36729,111,HTTPS,BLOCK,1090,4237,HIGH
2025-07-02 10:49:18,57073,182,HTTPS,DROP,2596,2588,CRITICAL
2025-07-02 11:00:07,62537,159,TCP,BLOCK,2301,482,LOW
2025-07-02 10:47:27,32679,474,ICMP,DROP,107,2591,LOW
2025-07-02 10:52:18,49107,706,HTTPS,ALLOW,1081,8082,HIGH
2025-07-02 10:59:33,23092,134,HTTPS,BLOCK,4117,5755,LOW
2025-07-02 10:54:31,10112,966,TCP,BLOCK,626,8969,LOW
2025-07-02 11:04:29,40623,86,ICMP,DROP,1914,6131,MEDIUM
2025-07-02 11:03:31,46648,993,ICMP,DROP,1983,6325,MEDIUM
2025-07-02 10:49:46,59240,829,ICMP,BLOCK,4865,1087,MEDIUM
2025-07-02 10:46:57,12121,75,HTTPS,DROP,1670,1443,LOW
2025-07-02 11:35:46,5565,914,ICMP,ALLOW,1092,3030,LOW
2025-07-02 11:07:31,53460,953,ICMP,BLOCK,1589,931,MEDIUM
2025-07-02 11:30:14,11069,260,HTTPS,ALLOW,4179,8037,MEDIUM
2025-07-02 11:08:24,39575,91,ICMP,DROP,3289,3851,LOW
2025-07-02 11:14:36,41791,612,HTTPS,ALLOW,574,8337,CRITICAL
2025-07-02 11:26:14,18580,270,ICMP,DROP,948,6140,LOW
2025-07-02 11:22:26,21840,292,HTTP,BLOCK,1517,6681,MEDIUM
2025-07-02 11:19:03,34683,297,UDP,DROP,4283,2726,MEDIUM
2025-07-02 11:40:55,23320,1022,HTTPS,DROP,2437,9886,LOW
2025-07-02 10:58:28,19756,995,UDP,BLOCK,2907,680,LOW
2025-07-02 11:41:45,63676,479,ICMP,BLOCK,2426,5581,LOW
2025-07-02 10:49:46,11587,35,UDP,ALLOW,415,1942,LOW
2025-07-02 11:33:25,13254,350,UDP,BLOCK,3496,5253,LOW
2025-07-02 11:05:40,54844,1011,ICMP,DROP,3702,1059,LOW
2025-07-02 10:53:37,37785,18,TCP,DROP,44,5101,HIGH
2025-07-02 10:59:46,33073,93,HTTP,ALLOW,4741,8287,LOW
2025-07-02 11:21:03,52249,160,HTTP,BLOCK,782,3501,MEDIUM
2025-07-02 11:42:15,44006,334,TCP,DROP,634,6259,HIGH
2025-07-02 11:08:52,10662,791,HTTP,BLOCK,4524,8025,LOW
2025-07-02 11:15:22,27467,611,HTTP,BLOCK,3606,9763,LOW
2025-07-02 10:51:21,19092,371,HTTP,DROP,1775,2226,MEDIUM
2025-07-02 10:46:14,3048,453,HTTPS,ALLOW,2571,8003,LOW
2025-07-02 11:12:52,30145,1016,HTTP,DROP,800,4397,LOW
2025-07-02 10:53:51,42493,921,UDP,DROP,2962,6995,LOW
2025-07-02 11:24:03,4458,475,ICMP,DROP,858,464,LOW
2025-07-02 10:54:14,25506,244,HTTP,ALLOW,323,8326,HIGH
2025-07-02 10:46:35,42290,307,ICMP,BLOCK,3419,8037,LOW
2025-07-02 10:52:31,20279,986,UDP,ALLOW,2026,996,MEDIUM
2025-07-02 10:58:45,24953,96,TCP,DROP,3334,8658,MEDIUM
2025-07-02 10:46:40,39030,222,TCP,ALLOW,3480,9372,MEDIUM
2025-07-02 10:57:56,52535,965,UDP,DROP,4310,1119,LOW
2025-07-02 11:39:33,48436,647,ICMP,BLOCK,696,1453,LOW
2025-07-02 11:06:18,64979,586,HTTP,ALLOW,322,5351,LOW
2025-07-02 10:51:38,42801,502,TCP,BLOCK,1243,9914,LOW
2025-07-02 10:44:35,7231,143,HTTPS,ALLOW,2225,7068,LOW
2025-07-02 11:19:58,44809,784,ICMP,ALLOW,2136,5203,HIGH
2025-07-02 11:04:44,58086,823,HTTPS,BLOCK,2474,934,CRITICAL
2025-07-02 11:04:39,44825,303,UDP,ALLOW,3042,4925,MEDIUM
2025-07-02 11:00:44,15818,756,HTTP,ALLOW,4688,5491,LOW
2025-07-02 11:08:17,29062,290,TCP,BLOCK,4880,8614,MEDIUM
2025-07-02 10:47:40,37497,327,HTTPS,DROP,2807,7690,MEDIUM
2025-07-02 11:17:18,7628,441,HTTP,DROP,1014,866,LOW
2025-07-02 11:15:22,38361,476,TCP,BLOCK,246,4403,LOW
2025-07-02 11:36:08,26491,591,UDP,ALLOW,4127,9230,LOW
2025-07-02 10:54:01,13073,978,UDP,DROP,2546,885,LOW
2025-07-02 11:26:45,14269,673,HTTP,DROP,422,6429,LOW
2025-07-02 11:04:45,37236,984,HTTPS,DROP,1728,8279,LOW
2025-07-02 11:17:35,23171,361,HTTPS,DROP,701,6795,MEDIUM
2025-07-02 11:41:23,14443,854,TCP,ALLOW,4953,8268,LOW
2025-07-02 10:49:56,32098,525,ICMP,ALLOW,1229,7290,CRITICAL
2025-07-02 10:47:12,11867,295,TCP,BLOCK,1683,7766,LOW
2025-07-02 11:00:56,42083,718,HTTP,ALLOW,4129,9256,LOW
2025-07-02 10:56:25,7613,257,HTTPS,BLOCK,1437,6284,LOW
2025-07-02 11:08:04,64464,873,UDP,DROP,638,8075,LOW
2025-07-02 10:54:13,9073,824,HTTPS,DROP,1988,2820,HIGH
2025-07-02 11:06:38,5932,601,ICMP,ALLOW,4938,5790,LOW
2025-07-02 11:02:33,33822,228,HTTP,BLOCK,3441,9894,LOW
2025-07-02 10:57:42,36676,801,HTTP,BLOCK,4626,2358,MEDIUM
2025-07-02 11:02:17,50554,151,ICMP,DROP,3920,796,LOW
2025-07-02 11:13:47,65191,4,TCP,ALLOW,4554,9413,CRITICAL
2025-07-02 10:50:35,28864,292,HTTP,BLOCK,2588,8049,CRITICAL
2025-07-02 11:35:19,62840,868,UDP,DROP,4533,1368,LOW
2025-07-02 10:56:55,30499,274,ICMP,BLOCK,4388,3339,MEDIUM
2025-07-02 11:29:52,63364,217,ICMP,DROP,4191,6660,LOW
2025-07-02 11:04:37,47604,821,UDP,BLOCK,2611,4556,MEDIUM
2025-07-02 11:03:55,41740,647,HTTPS,ALLOW,751,7261,LOW
2025-07-02 10:55:16,50701,669,HTTP,ALLOW,1723,6970,LOW
2025-07-02 11:08:05,16429,159,UDP,DROP,4685,3403,HIGH
2025-07-02 10:52:55,55380,141,UDP,BLOCK,4217,8338,MEDIUM
2025-07-02 10:56:35,6956,207,UDP,BLOCK,3627,2667,HIGH
2025-07-02 11:39:53,51026,135,ICMP,ALLOW,1641,6116,LOW
2025-07-02 11:33:35,62176,600,TCP,BLOCK,3067,286,LOW
2025-07-02 10:49:05,1620,766,ICMP,BLOCK,2456,1745,MEDIUM
2025-07-02 11:41:07,60420,1004,ICMP,ALLOW,700,7799,LOW
2025-07-02 10:44:37,20545,598,ICMP,ALLOW,593,1256,MEDIUM
2025-07-02 10:49:41,63723,575,UDP,ALLOW,2813,3767,LOW
2025-07-02 11:12:51,32051,603,TCP,BLOCK,3761,6269,HIGH
2025-07-02 11:28:02,40034,644,UDP,BLOCK,1294,8385,MEDIUM
2025-07-02 11:20:02,4035,76,ICMP,BLOCK,2189,600,LOW
2025-07-02 10:46:16,34779,454,UDP,ALLOW,1357,8416,LOW
2025-07-02 11:25:34,27504,768,HTTP,ALLOW,12,885,LOW
2025-07-02 11:12:57,59164,315,HTTPS,ALLOW,3771,8845,LOW
2025-07-02 11:30:13,59389,810,ICMP,DROP,3408,9255,LOW
2025-07-02 10:57:07,20666,194,TCP,ALLOW,2229,2665,LOW
2025-07-02 11:39:17,58972,689,ICMP,ALLOW,2343,886,LOW
2025-07-02 11:06:42,10766,448,HTTPS,BLOCK,3302,4853,LOW
2025-07-02 11:02:08,1553,105,HTTP,DROP,2812,6196,LOW
2025-07-02 11:23:25,34146,763,HTTPS,ALLOW,1047,5339,LOW
2025-07-02 10:43:22,18078,413,UDP,DROP,3743,1327,CRITICAL
2025-07-02 11:03:11,29520,908,TCP,BLOCK,2863,887,LOW
2025-07-02 11:19:18,27106,449,HTTP,BLOCK,43,9750,LOW
2025-07-02 11:25:50,9795,306,HTTPS,DROP,2528,5968,LOW
2025-07-02 11:23:34,61134,621,ICMP,BLOCK,4917,8825,LOW
2025-07-02 10:59:40,10669,879,ICMP,DROP,4577,5633,LOW
2025-07-02 10:58:20,12540,447,UDP,BLOCK,794,2782,MEDIUM
2025-07-02 10:50:07,7228,100,HTTPS,ALLOW,1479,8427,LOW
2025-07-02 11:07:35,33031,52,TCP,BLOCK,876,9756,MEDIUM
2025-07-02 11:35:56,33892,442,UDP,ALLOW,1463,9223,LOW
2025-07-02 11:02:33,18299,192,HTTPS,BLOCK,2907,4587,MEDIUM
2025-07-02 11:20:46,36171,801,HTTP,BLOCK,1783,7299,MEDIUM
2025-07-02 11:06:57,21312,936,HTTP,DROP,1592,6791,LOW
2025-07-02 11:21:58,9884,14,HTTP,DROP,2631,8963,CRITICAL
2025-07-02 11:00:38,3104,971,HTTPS,ALLOW,2108,5698,LOW
2025-07-02 11:39:52,41276,206,UDP,BLOCK,4938,2790,LOW
2025-07-02 10:48:19,54389,994,ICMP,BLOCK,4501,8,LOW
2025-07-02 10:51:49,31846,668,UDP,ALLOW,4992,3720,LOW
2025-07-02 11:11:50,52771,963,TCP,BLOCK,3252,9160,LOW
2025-07-02 10:46:40,35727,758,UDP,DROP,2685,6282,LOW
2025-07-02 11:40:01,37038,543,HTTP,BLOCK,3416,5258,HIGH
2025-07-02 11:31:53,58484,1014,ICMP,BLOCK,3522,8176,LOW
2025-07-02 11:31:33,65172,528,ICMP,ALLOW,3425,6209,HIGH
2025-07-02 10:56:27,37745,677,HTTPS,BLOCK,4103,6601,LOW
2025-07-02 11:23:47,4118,572,HTTP,DROP,3095,6316,LOW
2025-07-02 11:40:04,22195,77,HTTPS,ALLOW,1244,8648,LOW
2025-07-02 11:23:55,9358,552,TCP,ALLOW,4918,2290,LOW
2025-07-02 10:58:01,14708,463,TCP,DROP,363,9927,HIGH
2025-07-02 11:28:48,65174,625,ICMP,ALLOW,4267,9184,LOW
2025-07-02 11:04:32,27119,800,ICMP,DROP,4796,1231,LOW
2025-07-02 10:49:36,32991,752,HTTP,DROP,3523,2796,LOW
2025-07-02 11:24:45,13560,560,TCP,DROP,560,3279,HIGH
2025-07-02 11:24:55,12834,512,UDP,BLOCK,1379,8871,LOW
2025-07-02 10:57:25,33630,894,UDP,BLOCK,2527,2321,LOW
2025-07-02 11:31:56,23369,998,HTTP,ALLOW,2740,9048,LOW
2025-07-02 11:37:07,44858,980,HTTPS,BLOCK,1668,5927,MEDIUM
2025-07-02 11:40:59,40924,217,HTTP,BLOCK,4350,1522,HIGH
2025-07-02 11:42:01,47110,465,HTTPS,DROP,4414,1228,LOW
2025-07-02 10:47:07,32228,455,TCP,BLOCK,1328,1020,LOW
2025-07-02 11:39:39,5819,440,HTTPS,ALLOW,1185,7798,CRITICAL
2025-07-02 10:52:19,29931,482,TCP,BLOCK,3956,5076,MEDIUM
2025-07-02 10:53:48,25286,903,UDP,DROP,1132,6326,LOW
2025-07-02 11:21:18,36249,525,UDP,DROP,4079,896,LOW
2025-07-02 11:13:41,58740,44,UDP,DROP,1939,7075,HIGH
2025-07-02 11:15:53,15275,422,HTTP,DROP,1775,6982,LOW
2025-07-02 11:01:17,29401,303,UDP,DROP,9,2289,MEDIUM
2025-07-02 10:47:08,39655,999,HTTP,BLOCK,1135,3754,LOW
2025-07-02 11:33:05,31304,877,TCP,ALLOW,3844,1819,CRITICAL
2025-07-02 10:50:07,12167,823,HTTP,DROP,1635,7080,MEDIUM
2025-07-02 11:15:41,63721,679,ICMP,DROP,4191,1959,MEDIUM
2025-07-02 11:28:52,29799,797,TCP,ALLOW,559,8753,LOW
2025-07-02 11:28:18,50491,408,UDP,ALLOW,4888,7985,CRITICAL
2025-07-02 11:26:07,9453,177,UDP,ALLOW,4622,3958,HIGH
2025-07-02 11:35:11,5995,915,HTTPS,DROP,892,9223,LOW
2025-07-02 11:27:49,50907,986,UDP,DROP,435,812,HIGH
2025-07-02 11:06:18,21906,930,UDP,DROP,4389,2107,LOW
2025-07-02 11:24:14,58050,212,TCP,BLOCK,786,3548,CRITICAL
2025-07-02 11:32:34,6279,522,HTTP,DROP,1083,2567,LOW
2025-07-02 10:45:23,4019,465,HTTP,BLOCK,3202,970,LOW
2025-07-02 11:22:17,13188,454,ICMP,DROP,1826,7853,MEDIUM
2025-07-02 10:58:52,54019,694,HTTPS,BLOCK,3737,1510,LOW
2025-07-02 11:26:10,54123,271,HTTPS,ALLOW,911,183,MEDIUM
2025-07-02 11:07:35,30398,451,HTTP,ALLOW,275,8653,LOW
2025-07-02 10:43:55,40348,564,ICMP,ALLOW,3943,4475,MEDIUM
2025-07-02 11:40:19,20432,1000,UDP,BLOCK,1641,7484,MEDIUM
2025-07-02 10:49:22,48094,158,ICMP,DROP,855,7521,LOW
2025-07-02 10:45:18,63911,320,UDP,ALLOW,4212,1168,LOW
2025-07-02 10:53:05,5737,192,ICMP,ALLOW,4648,4449,LOW
2025-07-02 11:21:00,24700,69,ICMP,ALLOW,1200,9753,LOW
2025-07-02 11:01:40,23440,27,HTTP,BLOCK,2056,4213,CRITICAL
2025-07-02 11:40:29,60956,503,HTTPS,ALLOW,1100,7226,LOW
2025-07-02 11:41:52,43808,852,ICMP,BLOCK,3432,8953,CRITICAL
2025-07-02 11:11:08,53881,353,HTTPS,BLOCK,2304,1705,MEDIUM
2025-07-02 11:11:56,47882,361,HTTP,ALLOW,1584,8403,LOW
2025-07-02 10:44:35,36993,41,UDP,DROP,4865,1052,HIGH
2025-07-02 10:50:53,9678,944,HTTP,ALLOW,638,7287,MEDIUM
2025-07-02 11:09:41,22665,547,HTTP,DROP,2693,5791,LOW
2025-07-02 10:50:28,34168,360,ICMP,DROP,1788,9142,LOW
2025-07-02 11:33:03,58725,457,UDP,ALLOW,3105,7711,MEDIUM
2025-07-02 10:48:53,43768,617,UDP,DROP,3903,9818,LOW
2025-07-02 11:05:18,22311,160,HTTP,BLOCK,4764,9296,LOW
2025-07-02 11:02:37,11255,967,ICMP,DROP,3033,2780,LOW
2025-07-02 10:46:06,7603,114,UDP,DROP,3459,9265,HIGH
2025-07-02 10:54:05,57397,728,ICMP,BLOCK,3226,9031,HIGH
2025-07-02 11:40:15,58140,529,HTTPS,DROP,1275,6370,LOW
2025-07-02 11:09:19,7506,301,ICMP,DROP,126,2312,MEDIUM
2025-07-02 10:53:52,11569,552,HTTP,ALLOW,3417,6069,LOW
2025-07-02 11:05:09,10328,156,TCP,BLOCK,2359,6342,LOW
2025-07-02 11:10:30,56569,366,TCP,DROP,71,4076,MEDIUM
2025-07-02 11:06:08,4320,293,HTTP,ALLOW,3270,5168,MEDIUM
2025-07-02 11:19:17,54002,433,TCP,DROP,3143,8789,LOW
2025-07-02 10:55:08,37303,739,HTTPS,BLOCK,806,270,MEDIUM
2025-07-02 11:29:29,30530,832,HTTPS,ALLOW,1558,7519,LOW
2025-07-02 10:56:49,13358,625,HTTP,DROP,4147,705,LOW
2025-07-02 11:05:02,24331,462,UDP,DROP,1872,9736,HIGH
2025-07-02 11:23:36,55588,776,HTTP,BLOCK,3158,9387,MEDIUM
2025-07-02 11:40:27,21008,113,HTTP,BLOCK,2701,1185,LOW
2025-07-02 11:07:02,19852,885,ICMP,BLOCK,3701,328,LOW
2025-07-02 10:47:55,56247,547,HTTP,BLOCK,1895,6881,LOW
2025-07-02 11:31:02,42238,367,TCP,BLOCK,591,2571,LOW
2025-07-02 11:39:53,62505,174,UDP,DROP,4286,8308,LOW
2025-07-02 10:58:09,14997,937,HTTPS,ALLOW,301,1600,CRITICAL
2025-07-02 10:49:06,49604,851,HTTPS,BLOCK,4318,4526,LOW
2025-07-02 11:06:03,14843,837,ICMP,BLOCK,2319,9160,MEDIUM
2025-07-02 11:31:17,18489,385,HTTP,DROP,1171,7590,LOW
2025-07-02 11:14:30,1451,177,TCP,DROP,4042,8299,LOW
2025-07-02 10:48:52,28881,786,ICMP,DROP,4985,9391,LOW
2025-07-02 11:06:02,32514,524,HTTP,DROP,3677,2416,MEDIUM
2025-07-02 11:26:07,30903,565,HTTPS,DROP,453,4468,CRITICAL
2025-07-02 11:08:27,8560,480,ICMP,BLOCK,121,5901,MEDIUM
2025-07-02 11:15:52,42544,703,HTTP,DROP,536,7759,LOW
2025-07-02 11:19:10,4973,192,HTTP,DROP,4966,1810,LOW
2025-07-02 10:54:23,2816,649,ICMP,ALLOW,3295,3401,LOW
2025-07-02 11:23:25,46172,349,UDP,BLOCK,3180,410,HIGH
2025-07-02 10:55:49,8855,565,ICMP,BLOCK,4650,4115,LOW
2025-07-02 10:44:47,7154,254,TCP,ALLOW,3049,344,LOW
2025-07-02 10:59:06,44285,218,TCP,BLOCK,161,7172,MEDIUM
2025-07-02 11:06:16,10825,926,ICMP,ALLOW,4023,5893,LOW
2025-07-02 11:22:11,26961,540,ICMP,ALLOW,1437,1258,LOW
2025-07-02 11:00:37,8755,215,UDP,ALLOW,1140,3295,HIGH
2025-07-02 11:24:08,30608,992,UDP,BLOCK,1182,8270,LOW
2025-07-02 11:41:06,28523,962,ICMP,ALLOW,1076,7758,LOW
2025-07-02 11:16:23,5380,67,TCP,DROP,1317,951,LOW
2025-07-02 11:41:44,35082,732,ICMP,BLOCK,2581,3752,LOW
2025-07-02 10:43:50,11544,312,HTTP,DROP,2628,1342,LOW
2025-07-02 11:23:27,5034,376,ICMP,DROP,1851,892,HIGH
2025-07-02 11:19:01,56157,780,TCP,DROP,4577,4796,LOW
2025-07-02 11:30:58,28929,497,UDP,ALLOW,1847,9041,LOW
2025-07-02 10:50:13,22224,653,UDP,BLOCK,858,7567,LOW
2025-07-02 10:49:54,9833,199,HTTP,ALLOW,3790,4929,MEDIUM
2025-07-02 10:52:02,52080,651,HTTPS,DROP,466,6810,MEDIUM
2025-07-02 11:11:14,19114,165,ICMP,DROP,1384,9276,MEDIUM
2025-07-02 10:54:30,63241,237,TCP,ALLOW,2476,8883,LOW
2025-07-02 11:26:17,40981,183,HTTPS,ALLOW,3587,4777,HIGH
2025-07-02 11:09:31,29600,751,UDP,BLOCK,2362,2717,LOW
2025-07-02 11:02:22,44030,599,HTTP,DROP,3356,2141,LOW
2025-07-02 11:06:14,3321,339,HTTP,ALLOW,638,7889,LOW
2025-07-02 11:18:57,20372,833,TCP,BLOCK,336,784,LOW
2025-07-02 11:15:22,11137,305,ICMP,DROP,3031,2087,LOW
2025-07-02 10:45:51,27120,556,ICMP,DROP,4037,9799,LOW
2025-07-02 10:58:30,44349,999,UDP,BLOCK,2281,7404,LOW
2025-07-02 11:42:18,40245,598,HTTP,BLOCK,1639,8728,LOW
2025-07-02 11:36:05,23394,288,ICMP,DROP,2481,1354,LOW
2025-07-02 11:22:46,9680,475,ICMP,DROP,955,3939,LOW
2025-07-02 11:24:56,43303,836,UDP,ALLOW,1121,5806,LOW
2025-07-02 11:36:34,4986,658,ICMP,ALLOW,21,9231,LOW
2025-07-02 11:22:42,8404,202,ICMP,DROP,1895,1937,LOW
2025-07-02 11:24:13,49847,782,HTTPS,BLOCK,4258,7946,LOW
2025-07-02 10:59:02,63150,521,HTTPS,ALLOW,3579,5223,LOW
2025-07-02 11:31:01,9529,242,HTTPS,DROP,2124,440,LOW
2025-07-02 10:52:27,43352,108,UDP,BLOCK,3775,4172,LOW
2025-07-02 11:37:31,3615,449,ICMP,BLOCK,4179,5968,HIGH
2025-07-02 11:06:20,42147,250,UDP,ALLOW,420,2641,MEDIUM
2025-07-02 11:09:54,7253,901,HTTPS,ALLOW,1394,2162,LOW
2025-07-02 11:07:03,57674,754,ICMP,DROP,4379,982,MEDIUM
2025-07-02 10:57:28,5995,220,HTTP,ALLOW,1121,3331,MEDIUM
2025-07-02 11:27:26,23401,905,HTTP,ALLOW,1707,304,LOW
2025-07-02 11:35:44,12306,122,TCP,ALLOW,103,2749,LOW
2025-07-02 11:42:25,58307,544,UDP,DROP,1362,2663,MEDIUM
2025-07-02 11:28:30,49017,479,ICMP,ALLOW,2161,5971,LOW
2025-07-02 11:20:56,26374,519,ICMP,BLOCK,2636,9149,LOW
2025-07-02 11:25:37,48157,181,ICMP,DROP,948,3865,HIGH
2025-07-02 11:26:32,27670,552,HTTP,ALLOW,4138,4595,MEDIUM
2025-07-02 11:12:16,14743,575,HTTPS,BLOCK,2712,5859,LOW
2025-07-02 11:29:52,18340,695,HTTP,DROP,4526,2227,LOW
2025-07-02 11:03:30,31820,904,TCP,BLOCK,4225,3470,MEDIUM
2025-07-02 10:44:40,13247,124,UDP,DROP,3829,8042,HIGH
2025-07-02 11:33:58,62464,140,TCP,ALLOW,3333,7124,LOW
2025-07-02 10:55:20,34142,472,TCP,BLOCK,3486,6488,LOW
2025-07-02 11:21:35,48415,232,UDP,BLOCK,1738,1626,LOW
2025-07-02 10:50:55,18478,25,HTTPS,BLOCK,1604,8057,LOW
2025-07-02 10:54:02,8102,515,ICMP,DROP,2551,5507,LOW
2025-07-02 10:46:20,31780,428,TCP,ALLOW,2600,1158,LOW
2025-07-02 11:16:09,2573,390,ICMP,BLOCK,370,5606,LOW
2025-07-02 10:58:17,29191,313,ICMP,ALLOW,1343,924,LOW
2025-07-02 10:46:13,39906,891,HTTPS,BLOCK,4236,4388,MEDIUM
2025-07-02 10:51:44,41756,949,ICMP,ALLOW,4889,4947,LOW
2025-07-02 11:38:19,2972,675,TCP,BLOCK,3773,6829,MEDIUM
2025-07-02 10:52:21,47813,628,TCP,ALLOW,3220,2569,HIGH
2025-07-02 11:00:15,44875,426,UDP,BLOCK,2852,1226,LOW
2025-07-02 11:27:30,22901,644,HTTPS,DROP,3556,5046,LOW
2025-07-02 10:56:03,49433,587,UDP,DROP,763,3238,LOW
2025-07-02 10:46:04,26074,181,ICMP,DROP,1445,4720,MEDIUM
2025-07-02 11:03:26,30088,946,HTTPS,DROP,1908,5295,LOW
2025-07-02 11:06:58,58275,34,ICMP,ALLOW,2683,8443,LOW
2025-07-02 11:25:09,12254,629,ICMP,DROP,1043,6110,HIGH
2025-07-02 10:54:17,46607,443,HTTPS,DROP,1614,526,LOW
2025-07-02 11:21:17,63226,105,HTTPS,ALLOW,1911,2610,MEDIUM
2025-07-02 11:34:23,29079,482,HTTP,DROP,340,4464,LOW
2025-07-02 11:34:53,16783,408,HTTPS,DROP,4632,7818,CRITICAL
2025-07-02 10:47:12,3199,243,TCP,BLOCK,324,4655,LOW
2025-07-02 10:56:21,9801,466,TCP,BLOCK,4183,3267,LOW
2025-07-02 11:23:50,48352,554,HTTPS,ALLOW,1168,8131,LOW
2025-07-02 11:11:33,41472,627,HTTP,DROP,2668,4347,LOW
2025-07-02 11:08:32,31611,618,ICMP,ALLOW,4416,584,LOW
2025-07-02 10:45:30,49115,169,HTTPS,DROP,3513,6991,HIGH
2025-07-02 11:01:47,33888,19,UDP,BLOCK,1276,9367,MEDIUM
2025-07-02 11:01:32,14500,741,HTTP,BLOCK,2014,4291,LOW
2025-07-02 10:45:08,14004,205,UDP,ALLOW,600,5249,LOW
2025-07-02 11:22:07,24256,314,UDP,BLOCK,1475,4595,LOW
2025-07-02 11:15:28,29785,373,ICMP,DROP,417,1480,LOW
2025-07-02 11:21:44,61452,414,HTTP,DROP,2114,1487,LOW
2025-07-02 11:14:37,27605,719,TCP,ALLOW,2208,4291,MEDIUM
2025-07-02 10:44:56,30531,955,HTTP,DROP,255,9764,LOW
2025-07-02 11:09:05,26862,958,HTTP,ALLOW,4086,4372,LOW
2025-07-02 11:12:49,33112,939,ICMP,DROP,987,5037,CRITICAL
2025-07-02 11:17:12,6489,413,UDP,DROP,4833,4347,LOW
2025-07-02 11:11:45,25876,746,TCP,ALLOW,4557,7317,MEDIUM
2025-07-02 11:20:38,27547,990,UDP,ALLOW,1319,1267,MEDIUM
2025-07-02 11:34:03,20725,142,ICMP,DROP,213,7507,LOW
2025-07-02 11:01:05,53086,25,HTTPS,DROP,1375,3863,HIGH
2025-07-02 11:39:10,51574,131,HTTP,DROP,1813,7176,MEDIUM
2025-07-02 11:23:56,34691,37,HTTPS,BLOCK,3179,8064,MEDIUM
2025-07-02 11:10:57,27227,738,HTTP,BLOCK,3753,5418,HIGH
2025-07-02 11:35:57,14585,447,TCP,DROP,2469,9812,MEDIUM
2025-07-02 11:02:18,54130,177,ICMP,ALLOW,4630,689,MEDIUM
2025-07-02 11:16:13,25057,1012,UDP,BLOCK,2968,6880,LOW
2025-07-02 11:03:59,36630,826,HTTPS,ALLOW,2249,1753,MEDIUM
2025-07-02 11:00:42,39177,508,TCP,ALLOW,4094,6727,CRITICAL
2025-07-02 11:29:34,18054,84,TCP,ALLOW,4620,7650,LOW
2025-07-02 11:27:18,41416,150,UDP,BLOCK,1026,6767,LOW
2025-07-02 11:36:38,8262,462,UDP,DROP,4985,1726,LOW
2025-07-02 11:21:39,8417,286,HTTPS,BLOCK,4749,9194,LOW
2025-07-02 10:54:21,27447,55,HTTPS,BLOCK,1209,1721,LOW
2025-07-02 11:27:06,59953,290,UDP,DROP,2338,6021,MEDIUM
2025-07-02 11:23:43,41427,168,HTTP,DROP,3047,8589,LOW
2025-07-02 11:25:39,38665,963,ICMP,BLOCK,2048,4039,LOW
2025-07-02 10:48:45,8509,874,TCP,BLOCK,132,9792,HIGH
2025-07-02 11:39:30,61756,893,UDP,BLOCK,1348,3668,MEDIUM
2025-07-02 11:36:51,35319,741,UDP,ALLOW,3303,1435,LOW
2025-07-02 11:13:22,38917,262,HTTP,DROP,3168,9753,LOW
2025-07-02 11:28:39,51213,637,TCP,BLOCK,4060,4021,LOW
2025-07-02 11:36:39,28395,934,TCP,DROP,443,8239,LOW
2025-07-02 11:35:48,50074,723,UDP,BLOCK,1453,2431,MEDIUM
2025-07-02 11:32:14,37077,912,ICMP,ALLOW,3004,8524,LOW
2025-07-02 11:06:27,62989,203,HTTPS,ALLOW,3754,3821,HIGH
2025-07-02 10:49:17,60670,537,HTTP,BLOCK,38,5461,LOW
2025-07-02 10:54:10,38306,496,ICMP,ALLOW,4116,1839,LOW
2025-07-02 10:46:17,44908,390,UDP,ALLOW,2255,3259,LOW
2025-07-02 11:23:19,51364,290,HTTPS,BLOCK,4536,8761,LOW
2025-07-02 11:30:44,5675,167,ICMP,ALLOW,3920,7199,LOW
2025-07-02 11:32:53,16199,195,HTTPS,DROP,2654,826,LOW
2025-07-02 11:28:11,9584,761,HTTP,BLOCK,952,4735,LOW
2025-07-02 11:35:18,33907,89,HTTP,ALLOW,3947,9602,LOW
2025-07-02 10:49:40,10880,260,ICMP,ALLOW,2015,8863,HIGH
2025-07-02 11:06:19,24346,89,UDP,DROP,2543,8572,CRITICAL
2025-07-02 11:40:19,35486,465,UDP,DROP,812,6462,LOW
2025-07-02 11:02:23,6010,595,UDP,BLOCK,4283,4653,CRITICAL
2025-07-02 11:30:29,22072,104,HTTP,BLOCK,3047,1702,LOW
2025-07-02 11:24:15,29904,220,ICMP,DROP,2089,9995,MEDIUM
2025-07-02 11:23:10,18598,842,UDP,DROP,1299,8067,LOW
2025-07-02 11:41:18,15012,434,HTTP,BLOCK,1967,2370,LOW
2025-07-02 11:07:15,58908,883,HTTP,DROP,2728,8079,LOW
2025-07-02 10:47:40,22953,39,HTTPS,DROP,4848,2651,MEDIUM
2025-07-02 11:42:35,31254,459,HTTP,DROP,651,6844,LOW
2025-07-02 11:29:07,4880,736,UDP,BLOCK,2787,501,LOW
2025-07-02 11:02:02,24320,303,UDP,DROP,2363,1521,MEDIUM
2025-07-02 10:53:09,27402,583,HTTPS,DROP,4751,3965,LOW
2025-07-02 11:17:03,53380,452,ICMP,BLOCK,1267,9077,LOW
2025-07-02 10:54:05,29423,341,HTTP,ALLOW,2921,8470,LOW
2025-07-02 11:06:16,25935,462,UDP,BLOCK,1686,41,CRITICAL
2025-07-02 11:40:48,50430,300,UDP,DROP,4865,1903,LOW
2025-07-02 11:35:51,10832,923,ICMP,DROP,4278,9140,CRITICAL
2025-07-02 11:36:45,65054,228,HTTP,DROP,4050,3669,LOW
2025-07-02 11:12:25,5294,567,UDP,ALLOW,2744,4073,MEDIUM
2025-07-02 11:17:38,44883,1016,UDP,BLOCK,3825,8227,LOW
2025-07-02 11:11:42,17372,305,HTTPS,ALLOW,794,896,LOW
2025-07-02 10:52:20,48363,880,HTTPS,ALLOW,3393,3517,LOW
2025-07-02 10:57:16,39538,347,TCP,DROP,2471,6795,LOW
2025-07-02 10:50:08,33390,600,HTTP,DROP,658,6172,MEDIUM
2025-07-02 11:32:22,63159,593,TCP,ALLOW,3076,2641,LOW
2025-07-02 11:26:41,4313,435,TCP,ALLOW,943,7304,MEDIUM
2025-07-02 11:31:44,22925,124,ICMP,BLOCK,897,440,LOW
2025-07-02 10:45:03,49977,957,HTTP,BLOCK,4012,5991,HIGH
2025-07-02 11:13:46,45184,452,HTTPS,BLOCK,2582,2969,LOW
2025-07-02 11:14:28,56048,630,HTTP,ALLOW,2281,895,LOW
2025-07-02 10:46:04,42365,62,HTTP,BLOCK,2785,5969,HIGH
2025-07-02 10:56:00,56817,154,UDP,DROP,3621,5496,LOW
2025-07-02 11:37:29,17092,303,HTTPS,ALLOW,3439,6604,LOW
2025-07-02 11:38:05,55321,199,HTTPS,BLOCK,2687,617,LOW
2025-07-02 11:42:59,39874,322,ICMP,ALLOW,1810,1683,LOW
2025-07-02 11:42:11,2039,500,UDP,BLOCK,2887,5591,HIGH
2025-07-02 11:19:54,11727,352,HTTP,DROP,1817,3480,LOW
2025-07-02 11:15:45,8284,797,HTTP,BLOCK,794,6471,LOW
2025-07-02 11:11:53,22060,966,HTTPS,ALLOW,4311,7735,HIGH
2025-07-02 10:48:52,18851,1002,TCP,BLOCK,1541,2556,LOW
2025-07-02 10:46:07,38587,595,TCP,BLOCK,2066,8323,LOW
2025-07-02 11:24:29,2527,397,HTTPS,ALLOW,604,9573,LOW
2025-07-02 11:05:08,48853,482,TCP,ALLOW,3824,9378,MEDIUM
2025-07-02 11:23:00,23135,855,UDP,DROP,3628,8368,MEDIUM
2025-07-02 11:30:37,40785,946,TCP,BLOCK,582,845,MEDIUM
2025-07-02 10:49:20,20440,285,HTTP,ALLOW,4455,3011,LOW
2025-07-02 10:47:05,43739,943,TCP,DROP,261,6090,LOW
2025-07-02 10:50:49,17196,820,HTTP,BLOCK,1679,9283,LOW
2025-07-02 10:58:01,38705,570,TCP,ALLOW,3506,1668,HIGH
2025-07-02 11:39:04,17741,880,HTTPS,DROP,34,3375,LOW
2025-07-02 10:50:23,33859,850,TCP,DROP,1737,6464,LOW
2025-07-02 10:59:29,43708,607,TCP,BLOCK,4098,7235,LOW
2025-07-02 11:22:20,39305,899,HTTPS,ALLOW,44,9848,LOW
2025-07-02 11:42:49,10101,645,TCP,DROP,20,7688,HIGH
2025-07-02 11:26:57,44495,427,UDP,DROP,4117,7956,LOW
2025-07-02 10:59:17,8377,509,HTTPS,ALLOW,2375,6158,LOW
2025-07-02 11:09:28,55053,125,TCP,BLOCK,2578,7750,LOW
2025-07-02 10:49:07,53233,743,ICMP,ALLOW,4246,2111,LOW
2025-07-02 11:08:26,45381,140,ICMP,BLOCK,4228,8264,LOW
2025-07-02 11:13:31,51553,840,HTTPS,DROP,6,6020,LOW
2025-07-02 10:55:02,47925,296,HTTP,ALLOW,3387,9318,HIGH
2025-07-02 11:03:54,58306,924,TCP,ALLOW,3465,4540,LOW
2025-07-02 10:48:42,58869,316,ICMP,BLOCK,3,3922,MEDIUM
2025-07-02 10:58:56,21699,863,TCP,BLOCK,1712,3521,MEDIUM
2025-07-02 10:54:38,30227,277,HTTPS,BLOCK,770,6221,CRITICAL
2025-07-02 10:55:07,63821,644,ICMP,BLOCK,4733,4182,MEDIUM
2025-07-02 10:50:31,42323,460,HTTP,BLOCK,2162,7660,LOW
2025-07-02 11:35:53,16061,623,TCP,DROP,1057,6919,MEDIUM
2025-07-02 11:07:24,54899,516,UDP,BLOCK,4853,6861,LOW
2025-07-02 10:51:54,22154,808,TCP,ALLOW,1181,3126,MEDIUM
2025-07-02 10:57:49,40564,57,HTTPS,ALLOW,4111,5321,MEDIUM
2025-07-02 10:54:16,52055,368,TCP,DROP,3451,4790,MEDIUM
2025-07-02 10:43:38,17112,312,ICMP,ALLOW,1859,132,LOW
2025-07-02 10:43:16,43811,948,HTTP,DROP,4814,8820,LOW
2025-07-02 11:02:09,17674,731,ICMP,DROP,1296,3672,LOW
2025-07-02 11:08:58,60534,547,ICMP,BLOCK,1020,5099,LOW
2025-07-02 10:44:44,32547,669,HTTPS,ALLOW,4445,9253,LOW
2025-07-02 11:38:14,63548,334,UDP,DROP,2748,7344,MEDIUM
2025-07-02 11:12:34,12697,162,HTTP,ALLOW,4972,3163,LOW
2025-07-02 11:12:05,44127,372,ICMP,DROP,2939,4455,LOW
2025-07-02 11:26:56,55861,616,ICMP,BLOCK,4506,9462,LOW
2025-07-02 11:05:29,18748,698,TCP,BLOCK,213,6759,LOW
2025-07-02 11:34:35,1559,688,ICMP,DROP,1497,3048,LOW
2025-07-02 11:31:07,38722,659,HTTP,ALLOW,4725,6523,LOW
2025-07-02 11:38:06,3390,810,UDP,ALLOW,2148,8254,LOW
2025-07-02 11:37:18,57175,397,ICMP,BLOCK,2443,4813,LOW
2025-07-02 10:46:09,51951,678,HTTPS,ALLOW,4069,5928,HIGH
2025-07-02 11:39:25,63019,36,UDP,DROP,527,7519,HIGH
2025-07-02 10:48:02,43595,218,HTTPS,BLOCK,1313,642,HIGH
2025-07-02 11:31:25,61396,826,HTTPS,DROP,2474,9770,LOW
2025-07-02 10:52:19,29053,252,HTTPS,DROP,4459,920,LOW
2025-07-02 10:56:39,5395,641,HTTPS,BLOCK,511,9833,MEDIUM
2025-07-02 11:09:20,22500,130,TCP,ALLOW,4926,5800,LOW
2025-07-02 11:31:05,3406,304,HTTP,DROP,2608,9587,LOW
2025-07-02 11:06:41,65518,144,HTTP,BLOCK,402,2964,MEDIUM
2025-07-02 10:49:52,18927,711,ICMP,DROP,833,1200,LOW
2025-07-02 10:51:09,16268,380,HTTP,ALLOW,2399,8113,MEDIUM
2025-07-02 11:19:37,30091,106,UDP,ALLOW,2807,2244,LOW
2025-07-02 11:05:51,1758,404,HTTPS,DROP,3725,3333,LOW
2025-07-02 11:35:01,61075,222,TCP,DROP,4990,2890,LOW
2025-07-02 11:37:24,24358,697,ICMP,ALLOW,655,2495,LOW
2025-07-02 11:01:23,23703,521,UDP,BLOCK,4006,3149,LOW
2025-07-02 10:57:35,11922,668,UDP,DROP,194,1345,LOW
2025-07-02 10:54:23,43829,811,TCP,DROP,2401,409,HIGH
2025-07-02 10:43:15,62895,151,ICMP,ALLOW,3569,7981,LOW
2025-07-02 10:54:36,30671,668,HTTPS,BLOCK,4042,5448,LOW
2025-07-02 11:21:20,64171,562,HTTPS,DROP,10,3423,MEDIUM
2025-07-02 10:47:34,19927,425,HTTP,BLOCK,2369,421,HIGH
2025-07-02 10:47:20,64920,330,UDP,BLOCK,4597,6655,LOW
2025-07-02 11:20:08,30898,132,ICMP,BLOCK,1006,7204,MEDIUM
2025-07-02 11:17:04,57396,937,UDP,BLOCK,4913,5700,MEDIUM
2025-07-02 11:04:05,10442,805,ICMP,BLOCK,4310,2662,MEDIUM
2025-07-02 11:12:07,43709,57,HTTPS,BLOCK,1818,312,LOW
2025-07-02 11:38:02,17827,861,ICMP,BLOCK,1022,5617,LOW
2025-07-02 10:59:25,28187,691,TCP,DROP,780,63,LOW
2025-07-02 10:59:15,43126,595,HTTPS,DROP,116,2701,LOW
2025-07-02 10:54:10,3174,676,HTTP,DROP,1088,4324,CRITICAL
2025-07-02 11:27:05,64041,614,UDP,DROP,2157,9607,LOW
2025-07-02 11:25:17,55497,17,ICMP,DROP,4759,3617,LOW
2025-07-02 11:30:29,32747,813,UDP,DROP,4412,9109,LOW
2025-07-02 10:51:51,1545,81,ICMP,DROP,3798,2781,MEDIUM
2025-07-02 11:25:22,63890,407,HTTP,ALLOW,4881,1786,MEDIUM
2025-07-02 10:51:04,39909,69,UDP,BLOCK,1655,2589,LOW
2025-07-02 10:46:44,50148,821,HTTPS,ALLOW,2972,9819,MEDIUM
2025-07-02 11:30:18,42792,499,UDP,ALLOW,3830,5117,MEDIUM
2025-07-02 10:53:41,55729,654,UDP,DROP,1720,5573,CRITICAL
2025-07-02 11:19:51,56833,270,UDP,BLOCK,2459,4444,LOW
2025-07-02 10:51:38,28064,885,ICMP,DROP,57,8805,MEDIUM
2025-07-02 11:00:57,10817,591,UDP,ALLOW,1991,7297,MEDIUM
2025-07-02 10:58:27,63487,877,HTTPS,ALLOW,3661,7738,LOW
2025-07-02 10:50:11,40508,561,UDP,ALLOW,3193,5220,LOW
2025-07-02 11:16:21,39881,190,HTTP,DROP,3044,6639,LOW
2025-07-02 10:44:54,62970,666,UDP,BLOCK,2343,5693,MEDIUM
2025-07-02 11:21:08,8026,52,TCP,ALLOW,2842,9477,LOW
2025-07-02 11:20:21,4273,355,TCP,DROP,4857,3319,MEDIUM
2025-07-02 11:23:54,12802,914,ICMP,DROP,2390,3173,MEDIUM
2025-07-02 10:55:58,50863,570,HTTPS,DROP,4448,1027,HIGH
2025-07-02 11:33:01,65139,60,HTTPS,ALLOW,4193,396,MEDIUM
2025-07-02 11:31:20,41445,163,UDP,DROP,1915,849,MEDIUM
2025-07-02 11:02:38,55686,444,ICMP,DROP,3492,9557,MEDIUM
2025-07-02 11:28:58,30411,392,TCP,BLOCK,353,7397,LOW
2025-07-02 11:11:00,41493,524,TCP,ALLOW,339,5421,LOW
2025-07-02 11:20:01,34930,236,HTTPS,BLOCK,2061,8549,MEDIUM
2025-07-02 11:39:05,16494,234,TCP,DROP,67,5385,LOW
2025-07-02 11:15:04,45827,478,HTTP,DROP,1827,9290,LOW
2025-07-02 11:22:23,24679,455,TCP,ALLOW,3960,8960,LOW
2025-07-02 11:00:56,26864,993,TCP,ALLOW,2815,5378,LOW
2025-07-02 10:55:01,54982,778,UDP,ALLOW,1725,4249,LOW
2025-07-02 10:53:39,57131,46,ICMP,BLOCK,2463,7446,LOW
2025-07-02 11:19:38,45914,353,HTTPS,BLOCK,1302,4814,LOW
2025-07-02 11:40:42,3869,610,HTTPS,ALLOW,1258,2617,MEDIUM
2025-07-02 11:37:01,39556,845,UDP,DROP,1542,4912,LOW
2025-07-02 11:00:18,59614,725,HTTPS,ALLOW,1583,5467,HIGH
2025-07-02 11:08:57,40144,973,HTTP,ALLOW,850,3248,LOW
2025-07-02 11:21:08,41805,293,HTTP,BLOCK,4466,9568,LOW
2025-07-02 11:36:24,46334,464,TCP,ALLOW,3701,9109,CRITICAL
2025-07-02 11:33:09,12149,617,TCP,DROP,2115,387,LOW
2025-07-02 11:25:32,12365,359,HTTP,BLOCK,2595,7750,LOW
2025-07-02 11:06:53,13864,865,ICMP,DROP,1303,6977,MEDIUM
2025-07-02 11:19:15,14220,926,TCP,DROP,3221,7096,MEDIUM
2025-07-02 11:40:10,20565,425,HTTP,BLOCK,1048,6485,LOW
2025-07-02 11:16:19,40672,1001,ICMP,ALLOW,3760,5411,MEDIUM
2025-07-02 11:25:50,52501,999,TCP,ALLOW,3613,4950,LOW
2025-07-02 11:07:42,26628,953,TCP,BLOCK,2899,4429,MEDIUM
2025-07-02 11:25:07,49357,834,HTTPS,BLOCK,3185,8595,LOW
2025-07-02 11:07:01,25099,349,HTTPS,ALLOW,3745,4159,LOW
2025-07-02 11:17:35,24607,815,TCP,ALLOW,2768,9502,LOW
2025-07-02 11:00:51,1345,195,UDP,BLOCK,3627,3458,LOW
2025-07-02 11:34:52,1602,676,HTTPS,BLOCK,3315,5526,LOW
2025-07-02 10:55:09,33590,696,HTTPS,BLOCK,4320,5744,LOW
2025-07-02 10:51:06,54486,469,HTTP,BLOCK,1419,777,MEDIUM
2025-07-02 11:17:40,45900,665,UDP,DROP,689,4284,MEDIUM
2025-07-02 11:40:47,4963,840,UDP,DROP,4050,5688,LOW
2025-07-02 11:05:35,29959,1001,TCP,ALLOW,1723,8293,MEDIUM
2025-07-02 11:41:23,64433,319,UDP,BLOCK,768,2162,LOW
2025-07-02 11:29:29,33957,530,HTTPS,ALLOW,4823,3609,HIGH
2025-07-02 11:23:04,38964,196,UDP,ALLOW,1499,6191,MEDIUM
2025-07-02 11:42:02,22542,467,HTTPS,ALLOW,956,4920,LOW
2025-07-02 11:35:28,5260,103,HTTP,ALLOW,2505,9661,LOW
2025-07-02 11:36:24,59093,414,HTTPS,ALLOW,3819,7083,MEDIUM
2025-07-02 11:21:27,28495,92,HTTP,DROP,858,9948,MEDIUM
2025-07-02 11:13:31,59876,1011,UDP,BLOCK,4108,8727,LOW
2025-07-02 10:55:52,41384,616,HTTPS,BLOCK,4526,7429,MEDIUM
2025-07-02 11:32:25,64110,11,UDP,DROP,1632,4043,MEDIUM
2025-07-02 11:22:46,10722,604,UDP,DROP,1893,5404,LOW
2025-07-02 10:44:40,28553,813,HTTPS,DROP,46,7762,LOW
2025-07-02 10:52:27,22640,854,HTTPS,DROP,2555,1884,MEDIUM
2025-07-02 11:02:31,41214,979,ICMP,DROP,2999,2947,LOW
2025-07-02 11:05:39,1481,917,TCP,ALLOW,3177,3876,MEDIUM
2025-07-02 11:00:36,15800,432,ICMP,BLOCK,4644,7858,LOW
2025-07-02 11:13:22,55266,879,ICMP,BLOCK,554,5584,CRITICAL
2025-07-02 10:54:06,4996,254,ICMP,ALLOW,4798,199,LOW
2025-07-02 11:33:15,54164,777,HTTP,BLOCK,4115,1608,LOW
2025-07-02 10:56:01,29333,244,HTTPS,DROP,325,6144,LOW
2025-07-02 11:36:24,55057,810,UDP,DROP,2781,5984,MEDIUM
2025-07-02 11:25:33,6166,934,TCP,DROP,3848,2759,LOW
2025-07-02 11:42:33,34914,824,HTTPS,DROP,141,947,LOW
2025-07-02 10:57:21,51674,667,HTTP,DROP,320,3517,LOW
2025-07-02 10:47:46,3524,868,HTTPS,ALLOW,836,4660,MEDIUM
2025-07-02 11:31:34,9622,362,HTTP,ALLOW,4226,8981,LOW
2025-07-02 11:14:10,27888,972,ICMP,ALLOW,2280,9263,LOW
2025-07-02 11:41:55,52468,822,UDP,BLOCK,3704,3487,CRITICAL
2025-07-02 11:09:23,59471,976,HTTP,DROP,3357,9746,LOW
2025-07-02 11:28:13,21243,306,UDP,DROP,217,3278,LOW
2025-07-02 10:45:09,34331,108,HTTPS,DROP,3871,2868,LOW
2025-07-02 10:59:05,50087,235,UDP,ALLOW,4153,965,LOW
2025-07-02 10:53:22,46761,774,ICMP,BLOCK,3555,1205,LOW
2025-07-02 11:42:20,63536,40,UDP,DROP,14,4027,LOW
2025-07-02 11:15:40,22800,699,TCP,ALLOW,3248,4077,LOW
2025-07-02 11:22:13,59956,202,TCP,DROP,1624,8436,MEDIUM
2025-07-02 11:34:31,55228,1015,HTTPS,ALLOW,2096,2788,CRITICAL
2025-07-02 10:50:47,42902,444,ICMP,BLOCK,1515,4203,MEDIUM
2025-07-02 11:10:07,46957,743,HTTP,DROP,3967,7890,LOW
2025-07-02 10:50:01,8650,18,HTTPS,ALLOW,4859,624,LOW
2025-07-02 10:50:16,3559,10,HTTPS,DROP,3254,2381,MEDIUM
2025-07-02 11:38:26,59194,29,ICMP,ALLOW,864,7467,MEDIUM
2025-07-02 11:29:01,37690,94,HTTPS,DROP,3184,573,LOW
2025-07-02 11:00:32,43894,506,HTTPS,DROP,2008,8583,LOW
2025-07-02 10:52:21,16327,562,TCP,ALLOW,1852,3361,LOW
2025-07-02 11:37:53,11511,541,UDP,BLOCK,1622,325,LOW
2025-07-02 11:33:32,28867,429,ICMP,DROP,4763,9528,MEDIUM
2025-07-02 11:08:21,11925,961,HTTPS,BLOCK,3468,2125,LOW
2025-07-02 10:53:05,23756,814,ICMP,BLOCK,163,7209,HIGH
2025-07-02 10:49:39,27439,610,UDP,ALLOW,732,7487,MEDIUM
2025-07-02 10:55:17,7743,309,HTTP,ALLOW,461,6769,LOW
2025-07-02 11:07:40,65198,598,HTTPS,BLOCK,1475,2366,LOW
2025-07-02 10:47:51,17149,190,UDP,BLOCK,671,7444,LOW
2025-07-02 11:23:18,54987,283,HTTP,ALLOW,3994,4364,MEDIUM
2025-07-02 11:42:24,8623,955,HTTP,ALLOW,3288,6435,HIGH
2025-07-02 11:39:43,62640,866,TCP,BLOCK,54,3918,LOW
2025-07-02 10:45:10,18694,995,HTTPS,BLOCK,1353,2890,CRITICAL
2025-07-02 10:50:16,17528,752,TCP,ALLOW,4818,8576,LOW
2025-07-02 11:36:59,22461,903,HTTP,BLOCK,2873,463,LOW
2025-07-02 11:35:16,62265,738,HTTP,ALLOW,2252,7623,CRITICAL
2025-07-02 10:50:18,48676,649,UDP,ALLOW,3153,5724,HIGH
2025-07-02 11:39:31,19805,674,UDP,BLOCK,4680,8812,LOW
2025-07-02 10:47:52,54994,817,UDP,DROP,3301,4527,MEDIUM
2025-07-02 11:26:03,34029,880,UDP,DROP,2390,5817,MEDIUM
2025-07-02 11:30:35,63994,883,HTTP,BLOCK,2355,4992,LOW
2025-07-02 10:51:11,28042,429,TCP,ALLOW,837,6004,LOW
2025-07-02 11:14:24,2903,282,HTTP,BLOCK,4356,3810,LOW
2025-07-02 11:32:20,10955,922,HTTPS,BLOCK,19,9865,LOW
2025-07-02 11:42:17,54326,610,HTTPS,ALLOW,3618,2707,LOW
2025-07-02 11:36:54,44615,267,ICMP,BLOCK,1150,3354,LOW
2025-07-02 10:51:02,22916,210,HTTP,DROP,1635,2446,MEDIUM
2025-07-02 10:45:38,63483,804,ICMP,DROP,3523,6785,LOW
2025-07-02 10:54:22,62442,48,UDP,ALLOW,2851,6949,HIGH
2025-07-02 11:09:32,26623,958,HTTPS,DROP,1900,8850,MEDIUM
2025-07-02 11:28:10,11274,655,HTTP,ALLOW,323,2251,LOW
2025-07-02 11:28:16,46980,702,HTTP,BLOCK,1998,7461,MEDIUM
2025-07-02 11:23:30,32081,791,HTTPS,DROP,1594,1976,LOW
2025-07-02 11:14:50,17865,860,TCP,BLOCK,3349,5200,LOW
2025-07-02 11:23:30,51303,698,UDP,BLOCK,3988,8949,HIGH
2025-07-02 11:26:57,33122,272,HTTP,DROP,3437,7255,CRITICAL
2025-07-02 11:35:43,33426,148,UDP,BLOCK,2591,8987,MEDIUM
2025-07-02 11:32:59,31271,324,TCP,ALLOW,596,234,CRITICAL
2025-07-02 10:58:14,34808,458,TCP,DROP,2024,102,LOW
2025-07-02 11:09:09,16543,532,UDP,ALLOW,1166,8316,MEDIUM
2025-07-02 11:25:19,47571,43,TCP,BLOCK,3931,5889,LOW
2025-07-02 11:17:09,61735,902,ICMP,BLOCK,783,3853,LOW
2025-07-02 11:24:25,64919,565,HTTP,ALLOW,1327,8351,LOW
2025-07-02 10:43:40,1206,740,HTTP,DROP,2754,1806,LOW
2025-07-02 11:40:41,5731,430,ICMP,BLOCK,2668,8987,CRITICAL
2025-07-02 11:16:47,34147,929,UDP,BLOCK,4765,8710,MEDIUM
2025-07-02 11:38:42,9399,510,TCP,ALLOW,79,296,LOW
2025-07-02 11:24:37,26115,206,ICMP,DROP,546,3597,LOW
2025-07-02 11:41:25,38511,239,ICMP,DROP,3872,3363,MEDIUM
2025-07-02 11:16:58,31083,559,TCP,BLOCK,1751,3187,LOW
2025-07-02 11:15:43,45927,385,HTTPS,BLOCK,4060,4519,LOW
2025-07-02 11:27:55,17005,925,TCP,BLOCK,4313,6513,MEDIUM
2025-07-02 11:24:13,58239,298,ICMP,ALLOW,4135,5060,LOW
2025-07-02 11:26:58,7911,550,HTTPS,DROP,1935,4211,LOW
2025-07-02 11:20:22,59305,778,UDP,DROP,3745,5272,LOW
2025-07-02 10:56:11,1755,119,UDP,ALLOW,4126,3304,MEDIUM
2025-07-02 11:12:18,32545,933,HTTPS,DROP,3581,3473,MEDIUM
2025-07-02 11:01:34,3216,118,UDP,BLOCK,3382,3988,LOW
2025-07-02 10:50:24,50996,8,HTTPS,ALLOW,2171,8360,HIGH
2025-07-02 11:25:40,53461,821,UDP,ALLOW,3591,1362,LOW
2025-07-02 11:10:34,24704,335,UDP,BLOCK,2228,538,LOW
2025-07-02 11:41:17,60182,680,ICMP,DROP,2517,6935,LOW
2025-07-02 11:05:22,18968,757,ICMP,BLOCK,4348,5122,LOW
2025-07-02 11:07:20,10677,667,HTTP,ALLOW,3288,8208,LOW
2025-07-02 10:47:40,35980,292,HTTPS,DROP,2688,6591,HIGH
2025-07-02 11:25:15,46021,89,HTTPS,BLOCK,1303,9847,HIGH
2025-07-02 10:53:35,46249,446,HTTP,ALLOW,1650,5299,MEDIUM
2025-07-02 11:34:32,55518,558,HTTPS,BLOCK,3465,1934,LOW
